oare_id,akk_orig,eng_orig,fwd_pred,n_sents,akk_roundtrip,chrf_roundtrip,akk_orig_bytes,akk_roundtrip_bytes
c6f8a7ce-a489-4ff7-9ced-a8c5c3da40e1,18 GÍN KÙ.BABBAR i-ṣé-er ki-da-aḫ-šu ù me-er-i-šu a-lá-ḫu-um i-šu 6 na-ru-uq mì-iš-lam ŠE-um mì-iš-lam₅ ar-ša-tum i-na ḫa-ar-pé-e i-ma-da-ad 15 GÍN KÙ.BABBAR iš-tí ḫa-ar-šu-um-nu-ma-an 5 na-ru-uq mì-iš-lúm ŠE-um mì-iš-lam₅ ar-ša-tim i ḫa-ar-pé-e i-ma-da-ad KÙ.BABBAR a-ni-am wa-al-dí-DINGIR i-dí-in IGI ḫa-pu-a-šu IGI ma-nu-ba-lúm-a-šur,"Kid-ahšu and his sons owe 18 shekels of silver to Ali-ahum. He will measure out 6 sacks (of grain), half barley, half wheat at harvest time. 15 shekels of silver is owed by haršumnuman; he will measure out 5 sacks (of grain), half barley, half wheat, at harvest time. Waldi-ilum gave this silver. Witnessed by happu-aššu, by Mannum-balum-Aššur.","18 shekels of silver Kidahšu and his son owe to Ali-ahum. 6 sacks of half half barley, half wheat will cross overland in harvest. 15 shekels of silver owed by haršumnuman; 5 sacks of half half barley, half wheat will cross overland in harvest. Waldi-ilum gave this silver. Witnessed by happuašu, by Mannum-balum-Aššur.",5,18 GÍN KÙ.BABBAR i-ṣé-er ki-da-aḫ-šu ù me-er-ú-šu a-lá-ḫu-um i-šu 6 na-ru-uq mì-iš-lam ŠE-am mì-iš-lam GIG a-na e-ṣé i-ša-qal 15 GÍN KÙ.BABBAR KI ḫa-ar-šu-um-nu-ma-an 5 na-ru-uq mì-iš-lam ŠE-am mì-iš-lam GIG a-na e-ṣé-e i-ša-qal wa-al-dí-DINGIR KÙ.BABBAR a-nim wa-al-dí-DINGIR i-dí-in IGI ḫa-pu-a-šu IGI ma-nu-ba-lúm-a-šur,67.50377511228294,388,369
3327f53e-3d10-42fd-88fe-45aa99e4a6f9,a-na a-la-ḫi-im qí-bi-ma um-ma SIG₅-pí-a-šur-ma 1 ma-na KÙ.BABBAR 5 ma-na URUDU 5 ma-na ni-ga-li ša 5 GÍN KÙ.BABBAR ṣí-pá-ra-tim i-na a-li-ki-im pá-ni-im-ma ú a ni-qí za-áp-ru-tim a-na DUMU um-me-a-nim ke-nim dí-in-ma lu-ub-lam <gap> ma {d}MAR.TU li-li-ik a-na ṣé-ri-kà <gap> a-na DUMU um-me-a-ni-im <gap> a-na <gap> ni šu <gap>-ma <gap> an <gap> mì-ma a-wa-tum da-<gap> i-na pá-ni-im-ma a-li-ki-im li-li-kam <gap> bé-té-e 12 GÍN KÙ.BABBAR a-šur-i-mì-tí ḫa-bu-lam a-mur-IŠTAR <gap> ta kà <gap> a-mur-IŠTAR a-wa-at ma-<gap> KÙ.BABBAR ša-áš-qí-il₅-šu-ma ku-nu-uk-ma a-na pá-ni-a šé-bi-lam a-ḫi a-ta <gap> tí-ir-ta-kà za-ku-sà <gap> li-li-kam-ma <gap> bi <gap>-ma ta-<gap> ḫa-ra-<gap> lá wa-<gap> iš-tí ILLAT-tim <gap> ṭup-pá-am ša 4 GÍN KÙ.BABBAR li-li-a-ma a pá-ni-a šé-bi-lam a-ḫi a-ta a-lá-nu-kà a-ḫa-am ra-bi-am ú-lá i-šu a-na a-wa-at ṭup-pì-im i-ḫi-id,"To Ali-ahum from Damiq-pī-Aššur: 1 mina of silver, 5 minas of sickles, bronze pins worth 5 shekels of silvers with the first transport - also, rings - give that to a reliable affiliated trader so he may bring it. <gap>-Amurrum should come. <gap> to you <gap> to an affiliated trader <gap> the matter <gap> have him come with the first transport. <gap> Aššur-imittī owes me 12 shekels of silver Amur-Ištar <gap> Amur-Ištar <gap> the matter <gap> Make him pay the silver, seal it and send it to me. My dear brother, a final report should come to me and <gap>with the caravan. Produce the tablet concerning 4 shekels of silver and send it to me. My dear brother, apart from you I have no elder brother. Pay attention to the words of the tablet. ","To Ali-ahum from Damiq-pī-Aššur: 1 mina of silver, 5 minas of sickles, 5 minas of sickles, bronze pins, under the seals of the first transport, and also bronze sacks to an affiliated trader so he may bring it. Amurrum should come. <gap> to you <gap> to an affiliated trader <gap> the matter should come from the first transport. <gap> Aššur-imittī <gap> 12 shekels of silver <gap> Aššur-imittī <gap> Aššur-imittī <gap>",8,a-na a-lá-ḫi-im qí-bi-ma um-ma SIG₅-pí-a-šur-ma 1 ma-na KÙ.BABBAR 5 ma-na ni-ga-li ša 5 GÍN KÙ.BABBAR sí-pá-ra-tim i-na a-li-ki-im pá-ni-im-ma ú a-ni-ú-tum a-na DUMU um-me-a-nim ke-nim dí-in-ma lu-ub-lam <gap>-ma-ra-am li-li-kam <gap> a-ku-um <gap> a-na DUMU um-me-a-nim <gap> a-wa-tum iš-tí pá-ni-im-ma li-li-kam <gap> 12 GÍN KÙ.BABBAR a-šur-i-mì-tí ḫa-bu-lam a-mur-IŠTAR a-mur-IŠTAR <gap> a-wa-tim <gap> KÙ.BABBAR ša-áš-qí-il₅-šu-ma ku-un-kà-ma šé-bi₄-lam a-ḫi a-ta ga-me-er tí-ir-tí li-li-kam-ma iš-tí ILLAT-tim li-li-kam ṭup-pá-am ša 4 GÍN KÙ.BABBAR šé-ṣí-a-ma šé-bi₄-lam a-ḫi a-ta a-lá-kam ku-a-tí a-ḫa-am ša-li-iš ú-lá i-šu a-na a-wa-at ṭup-pí-im iḫ-da,60.46775890852615,937,738
351dea4e-b572-4f00-86dd-88f71c254fd8,a-na a-dí-da ú a-lá-ḫi-im qí-bi-ma um-ma SIG₅-pì-a-šur-ma 6 na-ru-qá-tim TÚG.ḪI.A ku-nu-ki-a i-na ḫu-ur-ší-im e-zi-ib ŠÀ.BA 12 TÚG.ḪI.A SIG₅ 8 TÚG.ḪI.A tár-dí-ú-tim 4 TÚG.ḪI.A ša uš-ma-a ṣú-ba-tí-a a-šar ša-ṣú-ru šu-uk-na 0.3333 ma-na 1 GÍN KÙ.BABBAR ší-im ṣú-ba-tim 21 ma-na 10 GÍN KÙ.BABBAR e-zi-ba-ku-nu-tí URUDU-ri-i a-na KÙ.BABBAR dí-na-ma ú KÙ.BABBAR ší-im ṣú-ba-tí-a ku-un-kà-ma li-ib-ší KÙ.BABBAR a-na ḫu-ša-ḫi-ku-nu lá tù-ma-na li-ib-ší a-ḫu-a a-tù-nu KÙ.BABBAR ṣú-ba-tí-a a-na i-ṭá-at-lim i-ta-dí-na ba-áb-tám lá a-ra-ší 14 GÍN KÙ.BABBAR ša-lim-be-lí DUMU ba-šu ḫa-bu-lu-ni-im i-na ba-ni-<gap>-im,"To Adida and Ali-ahum from Damiq-pī-Aššur: I left 6 sacks with textiles under my seal in the store-room. Among those (were) 12 textiles of good quality, 8 second quality textiles, 4 textiles belonging to Ušmaya. Place my textiles where they will be under guard. I left the price of a textile, 0.3333 mina 1 shekel of silver (and) 21 minas 10 shekels of with you. Sell my copper for silver, then seal the proceeds in silver from my textiles and let it remain. Do not consider the silver for your own needs, let it remain (intact). My dear brothers, as to the silver for my textiles, they should be sold for cash on delivery. I shall not have any outstanding claims. Šalim-bēlī son of Bašu owes me 14 shekels of silver. in <gap>","To Adida and Ali-ahum from Damiq-pī-Aššur: I left 6 sacks with textiles under my seal in the storeroom. Thereof: 12 textiles of good quality, 8 second quality textiles, 4 textiles belonging to Ušmaya. Place my textiles where they are lost. I left 0.3333 mina 1 shekel of silver, the price of a textile, for 21 minas 10 shekels of silver for you. Sell my copper for silver and then seal the proceeds from my textiles and let it remain. As for the silver I shall pay to you for the silver that I left with you",10,a-na a-dí-da ù a-lá-ḫi-im qí-bi-ma um-ma SIG₅-pí-a-šur-ma 6 na-ru-qá-tim ša TÚG.ḪI.A ku-nu-ki-a i-na ḫu-ur-ší-im e-zi-ib i-na ša 12 TÚG SIG₅ 8 TÚG tár-dí-ú-tum 4 TÚG ša uš-ma-a TÚG.ḪI-tí a-šar ša-ṣú-ru šu-uk-na 0.3333 ma-na 1 GÍN KÙ.BABBAR 21 ma-na 10 GÍN KÙ.BABBAR e-zi-ba-kum URUDU-a a-na KÙ.BABBAR dí-na-ma ší-im KÙ.BABBAR ša TÚG.ḪI-tí-a ku-un-kà-ma li-ib-ší KÙ.BABBAR a-na ra-mì-ni-kà lá ta-mu-ú li-ib-ší a-ḫu-ú-a a-tù-nu KÙ.BABBAR ša TÚG.ḪI-tí-a a-na ša-du-i-šu li-dí-nu mì-ma ba-a-ba-tí lá a-qá-bi₄ 14 GÍN KÙ.BABBAR ša-lim-be-lí DUMU ba-šu ḫa-bu-lam i-na <gap> a-na <gap>,66.71292366784596,709,667
21ae4700-fc2d-4e62-8580-bc08efc8a6ae,15 GÍN KÙ.BABBAR li-tí SIG₅ i-ṣé-er wa-al-ḫi-iš-na pé-ru-wa ù tù-wa-tù-ú-i a-ší-tí-šu lá-ma-sà-tum tí-šu iš-tù ḫa-mu-uš-tim ša i-na-a a-na ša pá-ar-kà i-ša-qú-lu šu-ma lá iš-qú-lu 1.5 GÍN.TA ṣí-ib-tám ú-ṣú-bu ITU.KAM a-lá-na-tim li-mu-um a-šur-i-mì-tí KÙ.BABBAR i qá-qá-ad šál-mì-šu-nu ra-ki-is šu-ma i-na u₄-me-šu-nu lá iš-ta-aq-lu tù-wa-tù-wi ú-šé-ṣa <gap> IGI ša-ar-ni-ga-a-šu IGI e-na-a-šur,"15 shekels of refined -silver Walhišna, Peruwa and Tuwatuwi, his wife, owe to Lamassutum. Reckoned from the week of Innāya not later than the festival of Parka they will pay. If they do not pay they will add interest at a rate of 1.5 shekel. Month XII, eponymy of Aššur-imittī. They are jointly liable for the silver. Should they not pay when their term is due, then I will take away Tuwatuwi. In the presence of Šarnigāšu, and of Ennam-Aššur.","15 shekels of good silver Walhišna, Peruwa and Tuwatuwi, his wife, owe to Lamassutum. Reckoned from the week of Innāya they will pay they will add interest at the rate 1.5 shekel. Month Allanātum, eponymy Aššur-imittī. They are jointly liable for the silver. If they have not paid when their term is up, Tuwatuwi will take it. Witnessed by Šarnigāšu, by Ennam-Aššur.",7,15 GÍN KÙ.BABBAR ṣa-ru-pá-am i-ṣé-er wa-al-ḫi-iš-na pé-ru-wa ù tù-wa-tù-ú-i a-ší-tí-šu lá-ma-sà-tum tí-šu i-šu iš-tù ḫa-mu-uš-tim ša i-na-a a-na ša pá-ar-kà i-ša-qú-lu šu-ma lá iš-qú-lu 1.5 GÍN.TA ṣí-ib-tám ú-ṣú-bu ITU.KAM ku-zal-li li-mu-um a-šur-i-mì-tí a-na KÙ.BABBAR i-ra-de₈-ú šu-ma i-na u₄-me-šu-nu lá iš-qú-lu tù-wa-tù-ú-i ú-šé-ṣí IGI a-šur-ma-lik DUMU šu-ku-bi-im IGI ša-ar-ni-ga-a-šu IGI en-um-a-šur,76.10605102947619,469,485
749350ec-f99b-4e90-a83b-e2084ad90cce,a-na na-áb-sú-in en-um-a-šur ZU-re-i ú a-šur-iš-tí-kál qí-bi₄-ma um-ma iš-ma-a-šur-ma áš-pu-ra-ku-nu-tí um-ma a-na-ku-ma DAM ḫa-lá-bi₄-im me-ta-at mì-ma té-zi-bu pá-ḫi-ra-ma a-na ḫu-ur-ší-im iš-té-en šé-ri-ba-ma ki-ma i-a-tí ku-un-kà áš-ta-na-me-ma ma-ma-na am-tám a-na a-ḫa-zi-im i-za-az ša-i-lá-ma lu DUMU a-šur lu nu-a-um ší-be-e šu-uk-na-šu-um lá e-ḫa-sí mì-ma té-zi-bu lu ba-áb-tám ṣa-bi₄-sí a-ḫu-ú-a a-tù-nu i-iḫ-da <gap> a-wi-lum KÙ.BABBAR ma-dam i-ta-ba-al bu-lá-tí-a šar-ší-a-ni,"Say to Nab-Suen, Ennam-Aššur, Suen-rē'ī, and Aššuriš-tikal, thus Išme-Aššur: I wrote you as follows: 'The wife of hali-abum is dead. Collect everything she left behind and bring it into one single storeroom and seal it in my name'. I hear by rumor that somebody intends to marry the maid. Make inquiries and whether it is an Assyrian or an Anatolian, set witnesses against him. He shall not marry her! Seize everything she left behind, also outstanding claims. Please, my brothers, take care, (for) the man may take along a lot of silver. Make me obtain my assets!""""","To Nāb-Suen, Ennam-Aššur, Suen-rē'ī and Aššuriš-tikal from Išme-Aššur: I wrote you as follows: 'The wife of hali-abum is dead. Collect everything you left behind and bring it into one single storeroom and seal it on my own representatives.' I hear that any of the man is indebted to the maid. Seize everything you left behind and set witnesses for him. Seize everything you left behind and seal everything you left behind. Please, my brothers, take care to satisfy me with the maid. Seize everything",8,a-na na-áb-sú-in en-um-a-šur ZU-re-i ù a-šur-iš-tí-kál qí-bi-ma um-ma iš-ma-a-šur-ma áš-pu-ra-kum um-ma a-na-ku-ma DAM ḫa-lá-bi-im me-et mì-ma té-zi-bu pá-ḫi-ra-ma a-na ḫu-ur-ší-im iš-tí-in šé-ri-a-ma ku-un-kà-šu a-ša-me-ma ma-ma-an a-na e-ḫu-zu i-ḫi-id ší-ma-am ša-ma-ma lu DUMU a-šur lu nu-a-um ší-bi šu-uk-na-šu-um lá i-ḫa-ša-aṣ mì-ma té-zi-bu ù ba-a-ba-tí ṣa-ba-at a-ḫu-ú-a a-tù-nu iḫ-da-ma KÙ.BABBAR ma-dam a-we-lam li-tù-ra-am bu-lá-tí ša-áš-qí-lá,61.80471885710309,560,524
71112263-5009-4065-b5ff-d4ec32dd83bb,a-na e-lá-ma qí-bi-ma um-ma a-šùr-SIPA-ma 2 šu-lu-up-kà-ú ša ú-šé-bi-lá-ni a-šùr-mu-ta-pí-il₅ a-na 30 ma-na ma-sí-am lá-ma a-li-kà-ni il₅-qé-šu-nu wa-ar-kà-nu-um um-ma šu-ut-ma ṣú-ba-ti-kà li-qé 1 TÚG šé-šé-ra-am i-pu-ḫu-šu ša-ni-am ú-ri-šu-uš TÚG a pá-ni-a i-dí-ú-šu-nu a-bi a-ta be-lí a-ta lá ú-nu-ú-ni té-er-ta-kà li-li-kam-ma ší-im TÚG.ḪI.A li-dí-nu-nim-ma lá-tal-kam a-ma a-ša ta-ta-ú-ni um-ma a-ta-ma ar-ḫi-iš ta-ta-lá-kam tù-ZA-ra-<gap>-ni,"Say to Elamma, thus Aššur-rē'ī: The 2 Šulupkaean textiles I sent you Aššur-mūtappil had taken for 30 minas of refined copper before I arrived. Afterwards he said: 'Take your textiles!' As for 1 <gap> textile, instead of it they asked for another one. They deposited the textile(s) before me. Please my father, my lord, they must not cheat me! Let a message of yours come here so that they give me the price of the textiles, then I will leave. Now then, as for what you said: 'Leave quickly!' you are <gap>ing me.""""","Say to Elamma, thus Aššur-rē'ī: As for the 2 Šulupkaean textiles I sent, Aššur-mūtappil has taken them for 30 minas of washed copper before I arrived. Afterwards he said: Take your textiles."" They asked for 1 -textile, a second one. They asked for the textile to me earlier. My dear father and lord, they are not my lord. Send me word so that they give me the proceeds from the textiles and I shall come. Now, what you say to me, saying: 'Let them give me the proceeds from the textiles and I shall come",6,a-na e-lá-ma qí-bi-ma um-ma a-šur-SIPA-ma 2 šu-lu-up-kà-ú ša ú-šé-bi-lá-ni a-šur-mu-ta-pì-il₅ a-lá-ak a-lá-kà-ni il₅-qé i-na wa-ar-ki-tim um-ma šu-ut-ma ṣú-ba-tí-kà le-qé 1 TÚG <gap> ku-nu-ki-šu ki-ma šu-a-tí er-šu-um TÚG i-na ma-aḫ-ri-a i-dí-ú-nim a-bi a-ta be-lí a-ta lá ú-sà-ni-qú-ni TÚG ku-a-tí li-li-kam-ma ší-im TÚG.ḪI.A li-dí-nu-nim-ma a-ta-lá-kam a-ma a-dí um-ma a-ta-ma um-ma a-ta-ma a-ḫa-ma le-tí-qá-ma ta-aḫ-sí-is-ta-am,57.81350535239904,514,490
a793a223-aa10-411f-8240-a1fc160fcf12,i-dí-a-bu-um É-tí ša bu-ri-im a-šar ša-lim-a-šùr wa-áš-bu iš-tí tù-ud-ḫa-li-a a-ḫu tù-li iš-a-am a-na a-wa-tim a-ni-a-tim kà-ru-um kà-ni-iš i-dí-ni-a-tí-ma ṭup-pá-am ší-bu-tí-ni IGI GÍR ša a-šùr ni-dí-in IGI a-ku-za IGI ú-ra-a IGI a-šùr-ba-ni,"Iddin-abum has bought the houses by the well, where Šalim-Aššur is living, from Tudhiliya the brother of Tuli. The Kanesh colony gave us for these proceedings, and we gave a tablet with our testimony before the dagger of Aššur. Witnessed by Akuza, by Uraya, by Aššur-bāni.","Iddin-abum has bought the houses by the well, where Šalim-Aššur is living, from Tudhaliya the brother of Tuli. The Kanesh colony gave us for these proceedings and we gave a tablet with our testimony before the dagger of Aššur. Witnessed by Akuza, by Uraya, by Aššur-bāni.",3,i-dí-a-bu-um É-tí ša bu-ri-im a-šar ša-lim-a-šùr wa-áš-bu iš-tí tù-ud-ḫa-li-a a-ḫu tù-li iš-a-am a-na a-wa-tim a-ni-a-tim kà-ru-um kà-ni-iš i-dí-ni-a-tí-ma ṭup-pá-am ší-bu-tí-ni IGI GÍR ša a-šùr ni-dí-in IGI a-ku-za IGI ú-ra-a IGI a-šur-ba-ni,97.92205636226583,280,279
0afc88d2-258e-4d6a-8c02-25b605573093,17 ma-na KÙ.BABBAR ṣa-ru-pá-am ù 7.5 GÍN KÙ.GI pá-ša-lam a-šùr-i-mì-tí DUMU e-ta-a i-na ší-im SÍG.ḪI.A ša ú-ší-na-lam il₅-qé IGI e-nu-um-we-er DUMU šu-da-a IGI i-lá-áš-ra-ni DUMU sú-kà-li-a IGI en-na-sú-in DUMU i-dí-a-bi-im IGI DUMU a-bu-bu ta-ar-dí-im,"Aššur-imittī son of Etaya has received 17 minas of refined silver and 7.5 shekels of -gold from the proceeds of Ušinalam's wool. Witnessed by Ennam-Wēr son of Šudaya, by Il-ašrannī son of Sukalliya, by Enna-Suen son of Iddin-abum, by Abūbu's younger son. ","Aššur-imittī son of Etaya has received 17 minas of refined silver and 7.5 shekels of -gold from the proceeds of Ušinalam's wool. Witnessed by Ennam-Wēr son of Šudaya, by Il-ašrannī son of Sukkalliya, by Enna-Suen son of Iddin-abum, by Abūbu's younger son.",2,17 ma-na KÙ.BABBAR ṣa-ru-pá-am ù 7.5 GÍN KÙ.GI ší-kam a-šùr-i-mì-tí DUMU e-ta-a i-na ší-im SÍG.ḪI.A ša ú-ší-na-lam il₅-qé IGI en-na-we-er DUMU šu-da-a IGI i-lá-áš-ra-ni DUMU sú-kà-li-a IGI en-na-sú-in DUMU i-dí-a-bi-im IGI DUMU a-bu-bu ta-ar-dí-im,92.22667353018296,286,281
9a8ef84b-615a-499e-9b11-ddeba04dba43,um-ma en-nam-a-šùr ù da-dí-a-ma a-na e-lá-ma qí-bi-ma i-na 1 GÚ 5 ma-na KÙ.BABBAR-pí-kà ša ILLAT-at a-lá-ḫi-im i-li-kà-ni 10.3333 ma-na KÙ.BABBAR i-ri-ḫa-am 5.3333 ma-na KÙ.BABBAR ší-ip-kà-tí-kà iš-tí a-lá-ḫi-im ni-il₅-qé ŠÀ.BA 1.3333 ma-na 8 GÍN KÙ.BABBAR lá-qé-ep il₅-qé 1.5 ma-na LÁ 1 GÍN té-ṣú-bu ša 1 GÚ 5 ma-na KÙ.BABBAR-pí-kà 0.8333 ma-na LÁ 2 GÍN a-šùr-i-mì-tí il₅-qé 0.5 ma-na 5 GÍN KÙ.BABBAR a-ta-a-a il₅-qé 6 GÍN KÙ.BABBAR ṣú-ḫa-ar-tum tal-qé a-na ší-tí KÙ.BABBAR-pí-kà 96 TÚG.ḪI.A a-na 8 ma-na ni-iš-a-ma-kum 16 ma-na AN.NA qá-tim 12.5 GÍN.TA 1.5 ma-na LÁ 2 GÍN KÙ.BABBAR it-ba-al 4 ANŠE ṣa-lá-mu 1 ma-na 15 GÍN KÙ.BABBAR it-bu-lu 0.5 ma-na KÙ.BABBAR bé-ú-lá-at a-šùr-lá-ma-sí DUMU en-um-a-a 2 GÍN lu-bu-šu 10 GÍN KÙ.BABBAR ú-nu-ut ANŠE i-na NÍG.KA-sí 15 GÍN KÙ.BABBAR i-té-ra-ma 2 GÍN KÙ.BABBAR ú-ku-ul-tí ANŠE ni-dí-in ša 11 GÍN KÙ.BABBAR 2.5 ma-na AN.NA ni-iš-a-ma-kum 2,"Thus Ennam-Aššur and Dadiya, say to Elamma: Of the 65 minas of your silver that arrived here with Ali-ahum's caravan, 10.3333 minas of silver remained. We received 5.3333 minas from what you invested with Ali-ahum. Thereof: 1.3333? mina 8 shekels Lā-qēp took; 1 mina 29 shekels additional payment for your 65 minas of silver; 48 shekels of silver Aššur-imittī took; 35 shekels of silver Ataya took; 6 shekels the girl took. For the rest? of your silver we bought 96? textiles for 8? minas (of silver); 16.6666 minas of loose tin at 12.5 : 1 cost 1 mina 28 shekels of silver; 4 black donkeys cost 75 shekels of silver; 0.5 mina the working capital for Aššur-lamassī, son of Ennumāya, 2 shekels his clothing allowance; 10 shekels of silver for donkey harness. When at the accounting there was a surplus of 15 shekels of silver we paid 2 shekels of silver for food for the donkeys (and) for 11 shekels of silver we bought for you (an additional) 2.5 minas of tin. Two textiles from Aššur-lamassī's working capital are packed. With all this Aššur-lamassī is on his way to you. 2 minas <gap> shekels of silver that Atāya took he entrusted ?.""""","Thus Ennam-Aššur and Dadiya, say to Elamma: Of the 1 talent 5 minas of your silver that arrived here with Ali-ahum's caravan 10.3333 minas of silver became booked. We collected 5.3333 minas from your investment from Ali-ahum. Thereof: 1.3333 mina 8 shekels Lā-qēp took; 1.5 mina less 1 shekel addition for your 1 talent 5 minas of silver; 29 shekels Aššur-imittī took; 45 shekels of silver Ataya took; 45 shekels of silver Ataya took; 45 shekels of silver Ataya took; 45 shekels of silver Ataya took; 45",12,um-ma en-um-a-šur ù da-dí-a-ma a-na e-lá-ma qí-bi-ma i-na 65 ma-na KÙ.BABBAR-pí-kà ša ILLAT-at a-lá-ḫi-im i-li-kà-ni 10.3333 ma-na KÙ.BABBAR i-ri-ḫa-am 5.3333 ma-na i-na ša iš-tí a-lá-ḫi-im ta-dí-na-ku-ni ni-il₅-qé ŠÀ.BA 1.3333 GÍN KÙ.BABBAR a-na a-šur-DU₁₀ DUMU a-šur-be-el-a-wa-tim a-dí-in ma-na 8 GÍN lá-qé-ep il₅-qé 1.5 ma-na LÁ 1 GÍN té-ṣú-bu ša 1 ma-na 5 ma-na KÙ.BABBAR-pí-kà 0.3333 ma-na 8 GÍN KÙ.BABBAR a-šur-i-mì-tí il₅-qé 0.3333 ma-na 5 GÍN KÙ.BABBAR a-ta-a-a il₅-qé 6 GÍN ṣú-ḫa-ar-tum il₅-qé a-na ší-tí <gap> i-na KÙ.BABBAR-pì-kà 96 ni-iš-a-am 1 GÍN KÙ.BABBAR ni-iš-a-am 1 GÍN KÙ.BABBAR ší-im-šu 1 GÍN KÙ.BABBAR ší-im-šu 1 GÍN KÙ.BABBAR ší-im-šu 1 GÍN KÙ.BABBAR ší-im-šu 1 GÍN KÙ.BABBAR ší-im-šu 1 GÍN KÙ.BABBAR ší-im-šu 1 GÍN KÙ.BABBAR ší-im-šu 1 GÍN KÙ.BABBAR ší-im-šu 1 GÍN KÙ.BABBAR ší-im-šu 1 GÍN KÙ.BABBAR ší-im-šu 1 GÍN KÙ.BABBAR ší-im-šu 1 GÍN KÙ.BABBAR ší-im-šu 1 GÍN KÙ.BABBAR ší-im-šu TÚG a-na 8 ku-ta-ni <gap> ma-na 16.6666 ma-na AN.NA qá-tim 12.5 GÍN.TA 1.5 ma-na 8 GÍN KÙ.BABBAR it-bu-lu 4 ANŠE ṣa-lá-mu 0.3333 ma-na 5 GÍN KÙ.BABBAR it-bu-lu 0.5 ma-na be-ú-lá-at a-šur-lá-ma-sí DUMU en-um-a-a 2 GÍN be-ú-lá-at-šu 10 GÍN KÙ.BABBAR a-na ú-nu-sú i-nu-mì i-na ni-kà-sí 15 GÍN KÙ.BABBAR 2 GÍN KÙ.BABBAR a-na ú-ku-ul-tim ša ANŠE.ḪI.A ni-iš-qú-ul a-na 11 GÍN KÙ.BABBAR 2.5 ma-na AN.NA ni-dí-na-kum 2 TÚG.ḪI.A ša be-ú-lá-at a-šur-lá-ma-sí sà-áp-tum a-šur-lá-ma-sí na-áš-a-kum 2 ma-na <gap> GÍN KÙ.BABBAR ša a-ta-a il₅-qé <gap>,68.23589036906563,1009,1657
842f390f-7848-46b8-b9c1-86cadb3ee753,a-na en-nam-a-šur qí-bi-ma um-ma a-lá-ḫu-um-ma a-ḫi a-ta a-ma-kam iš-tù a-wa-tù-um i-ba-tù-qú-ni tí-ir-ta-kà li-li-kam-ma a ma-lá tí-ir-tí-kà le-pu-uš a-ṣé-er ANŠE a-ni-ú-tim 3 ANŠE ù ṣú-ḫa-ri šé-ri-a a ma-lá té-er-tí-kà le-pu-uš,"To Ennam-Aššur from Ali-ahum: My dear brother, send me word there after the matter has been dropped, then I shall act in accordance with your instructions. Dispatch 3 donkeys and servants in addition to these donkeys. I shall act in accordance with your instructions. ","To Ennam-Aššur from Ali-ahum: My dear brother, send me word there after the matter has been dropped, and I shall act in accordance with your instructions. Bring 3 donkeys and servants to me. I shall act in accordance with your instructions.",3,a-na en-nam-a-šur qí-bi-ma um-ma a-lá-ḫu-um-ma a-ḫi a-ta a-ma-kam iš-tù a-wa-tum i-ba-tù-qú-ni tí-ir-ta-kà li-li-kam-ma a ma-lá tí-ir-tí-kà le-pu-uš 3 ANŠE.ḪI.A ù ṣú-ḫa-ri a-ṣé-er ANŠE a-ni-ú-tim šé-bi₄-lam a ma-lá tí-ir-tí-kà a-da-an,80.6820333304141,267,274
7dfa121d-05c1-4ddc-bfc9-627f2b335aab,um-ma pí-lá-aḫ-IŠTAR-ma a-na en-um-a-šùr qí-bi₄-ma a-na 6.8333 ma-na KÙ.BABBAR ša a-na DAM.GÀR ḫa-bu-lá-ku-ni a-na-kam-ma tù-na-ḫi-da-ni um-ma a-ta-ma KÙ.BABBAR ša i-ma-qú-tá-ku-ni a-na ša-nim lá tù-pá-na a-na a-lu-lá-a ki-ma DAM.GÀR šu-qú-ul 15 u₄-me lá i-li-ik KÙ.BABBAR im-qú-ta-ma a-lu-lá-a a-na-kam lá-šu-ma KÙ.BABBAR a-dí u₄-mì-im a-nim i ku-nu-ki-šu i-ba-ší a-dí ší-ni-šu ú 3 šál-ší-šu tí-ir-tí i-li-kà-kum ú i pì-a tí-ra-tim áš-ta-pá-ra-kum ta-áš-pu-ra-am um-ma a-ta-ma KÙ.BABBAR iš-tí-kà-ma li-bi₄-ší li-ba-kà lu i-de₈ ki-ma iš-tù 4 ITU.KAM KÙ.BABBAR a šu-mì-kà kà-ṣú-du u₄-ra-ni a-ta-lá-ak KÙ.BABBAR a ša ki-ma i-a-tí e-zi-ib,"From Pilah-Ištar to Ennam-Aššur: Here you instructed me about the 6.8333 minas of silver that I owe to the merchant, and you said: Whatever silver falls to you, do not set that aside to any other person; pay it to Alulaya on behalf of the merchant."" Before 15 days had gone by silver fell into my hands, but Alulaya was not here, so the silver remains to this day under his seal. 2 or 3 times I have sent word to you, and I have sent you oral messages, and you answered: ""Let the silver remain in your possession."" You certainly know that the silver has been held up for 4 months in your name. Tomorrow I shall leave. I have left the silver with my representative.""","From Pilah-Ištar to Ennam-Aššur: Here you instructed me here about the 6.8333 minas of silver that I owe to the merchant, and you said: Whatever silver falls to you do not sell it to anyone else, pay it to Alulaya on behalf of the merchant."" Before 15 days had gone by the silver fallen back, but Alulaya was not here, so the silver is under his seal. Two or three times I have sent word to you and I sent word to you with his seal. Two or three times I have sent word to you and wrote to you as follows: """,4,um-ma pí-lá-aḫ-IŠTAR-ma a-na en-um-a-šur qí-bi₄-ma a-na 6.8333 ma-na KÙ.BABBAR ša a-na DAM.GÀR ḫa-bu-lá-ku-ni a-na-kam tù-na-ḫi-da-ni um-ma a-ta-ma KÙ.BABBAR ša i-ma-qú-tá-ku-ni a-na ša-ni-im lá tù-ša-ar a-na a-lu-lá-a ki-ma DAM.GÀR šu-qú-ul 15 u₄-me-e lá-mu-nu-ma KÙ.BABBAR a-na qá-tí-a im-qú-tù-ma a-lu-lá-a a-na-kam lá-šu-ma KÙ.BABBAR a-na u₄-mì-im a-nim i ku-nu-ki-šu i-ba-ší TÚG a-dí ší-ni-šu tí-ir-tí i-li-kà-kum ù na-áš-pè-ra-tim i-li-kà-kum um-ma a-ta-ma KÙ.BABBAR i-na li-bi-kà li-ib-ší a-ta ki-ma KÙ.BABBAR a-na 4 ITU.KAM uk-ta-al a-ḫu-ur a-ta-lá-kam KÙ.BABBAR iš-tí ša ki-ma i-a-tí e-zi-ib,71.03064315362674,730,674
999f5540-3906-4571-a23d-99af539afe38,šál-ma-a-šur ù a-mur-IŠTAR iṣ-bu-tù-ni-a-tí-ma um-ma a-mur-IŠTAR-ma a-na šál-ma-a-šùr-ma DUMU me-tim a-na-ku 3 ma-na KÙ.BABBAR 3 a-tù-nu a-na a-bi₄-a ḫa-bu-lá-tù-nu ṭup-pá-ak-nu ḫa-ar-ma-am ša ḫu-bu-li-ku-nu a-bi₄ e-zi-ba-am KÙ.BABBAR šu-qú-ul ú-lá šu-ma ša-ba-e tí-šu ṭup-pá-am <gap> ú-ra <gap> ṭup-pá-kà lá-du-uk um-ma šál-ma-a-šur-ma ke-na 3 né-nu KÙ.BABBAR ni-ḫi-bi₄-il₅ a-ni-nam a-ṣé-er a-šur-ma-lik ù šál-ma-a-šur ša ki-ma i-a-tí KÙ.BABBAR ú-šé-bi₄-il₅-ma a-na ša ki-ma a-bi₄-kà KÙ.BABBAR iš-qú-lu ù iš-tù KÙ.BABBAR iš-qú-lu-ni iš-tí a-bi₄-kà a-na-me-er IGI e-dí-na-a IGI ṣí-lá-{d}IM kà-ru-um kà-ni-iš i-dí-ni-a-tí-ma ší-bu-tí-ni ba-áb i-lim IGI pá-aṭ-ri-im ša a-šur ṭup-pá-am ni-dí-in,"Šalim-Aššur and Amur-Ištar seized us, and Amur-Ištar said to Šalim-Aššur: I appear as heir. You three owe 3 minas of silver to my father. My father left me your certified tablet concerning your debt. Pay the silver. Or, if you have a quittance <gap> a tablet <gap> so I can invalidate your tablet."" Šalim-Aššur answered: ""Yes, we three became indebted for the silver. I sent Anninum to Aššur-malik and Šalim-Aššur, my representatives, with the silver, and they paid the silver to your father's representatives. Also, after they paid the silver, I met with your father."" Witnessed by Eddinaya, by Ṣill-Adad. The Kanesh colony gave us and we gave our testimony in the Gate of the God before Aššur's dagger on a tablet. ""","Šalim-Aššur and Amur-Ištar seized us and Amur-Ištar said to Šalim-Aššur: I am a heir. You three owe 3 minas of silver to my father. My father left me your certified tablet concerning your debt. Pay the silver. Or, if you have a quittance <gap> a tablet <gap> I will give your tablet."" Šalim-Aššur answered: ""Yes, we three became indebted for the silver."" Anninum seized Aššur-malik and Šalim-Aššur and said: ""Yes, we three became indebted for the silver."" Šalim-Aššur said: ""Yes, we three bec",9,šál-ma-a-šùr ù a-mur-IŠTAR iṣ-bu-tù-ni-a-tí-ma um-ma a-mur-IŠTAR-ma a-na šál-ma-a-šùr-ma me-er-ú a-ta-me-a 3 ma-na KÙ.BABBAR a-tù-nu a-na a-bi-a ḫa-bu-lá-tù-nu ṭup-pá-kà ḫa-ru-mu-tim ša ḫu-bu-li-kà a-bu-a e-zi-ib KÙ.BABBAR šu-qú-ul ú-lá šu-ma ḫa-bu-lá-tí-ni ṭup-pá-am <gap> ṭup-pá-kà lu-dí-i um-ma ša-lim-a-šùr-ma ke-na 3-né-nu a-na KÙ.BABBAR ḫa-bu-lá-ni a-ni-nam a-na a-šur-ma-lik ù šál-ma-a-šur ša ki-ma i-a-tí KÙ.BABBAR ú-šé-bi-il₅-ma KÙ.BABBAR a-na ša ki-ma a-bi-ku-nu iš-qú-lu ú iš-tù KÙ.BABBAR iš-qú-lu-ni iš-tí a-bi-kà a-na-ku a-ma-kam IGI e-dí-na-a IGI ṣí-lá-{d}IM kà-ru-um kà-ni-iš i-dí-ni-a-tí-ma IGI GÍR ša a-šùr ší-bu-tí-ni i-na ṭup-pì-im ni-dí-in KÙ.BABBAR 1 GÍN KÙ.BABBAR ṣa-ru-pá-am iš-tù ḫa-mu-uš-tim ša a-šur-DU₁₀ DUMU šu-ku-bi₄-im,67.92691008152399,811,873
943574be-1b8b-4df6-a4d0-df05e12256b0,a-na a-lá-ḫi-im qí-bi-ma um-ma SIG₅-pí-a-šur-ma a-dí tí-sú-bi ša e-na-nim 10 GÍN KÙ.BABBAR ša ILLAT-tim ša IGI ú-ṣú-ra-nim iz-ku-a-ni 10 GÍN KÙ.BABBAR i-na KÙ.BABBAR-pì-a a-na-ku-ma ta-aṣ KÙ ta-lá-qé,"To Ali-ahum from Damiq-pī-Aššur: Concerning Ennānum's additions, the 10 shekels of silver from the caravan that became available to me with Uṣurānum as witness, pay him 10 shekels of silver out of my silver that I left with you and then set witnesses for him. He seized me here and said: Give me the silver!"" I answered: ""<gap>you will receive the silver.""""","To Ali-ahum from Damiq-pī-Aššur: Concerning Ennānum's additions, the 10 shekels of silver from the caravan that was cleared by Uṣurānum with respect to the 10 shekels of silver from my silver that I personally said: Take care."" You will receive the silver.""",2,a-na a-lá-ḫi-im qí-bi-ma um-ma SIG₅-pí-a-šur-ma a-dí té-ṣú-bi ša en-na-nim 10 GÍN KÙ.BABBAR ša ILLAT-tim ša IGI ú-ṣú-ra-nim iz-ku-a-ni 10 GÍN KÙ.BABBAR i-na KÙ.BABBAR-pí-a šu-qú-ul-šu-ma ù ší-be šu-uk-na-šu-um a-na-kam iṣ-ba-at-ma um-ma šu-ut-ma KÙ.BABBAR dí-nam um-ma a-na-ku-ma KÙ.BABBAR ta-lá-qé,77.3367917564381,228,340
76214fc1-7b69-4668-98fd-201fb9fe8f8e,KIŠIB a-ku-za DUMU šu-a-nim KIŠIB MAR.TU-ba-ni DUMU ma-na-na KIŠIB lá-qé-ep DUMU PUZUR₄.IŠTAR a-na a-wa-tim a-ni-a-tim kà-ru-um kà-ni-iš-ki i-dí-ni-a-tí-ma IGI GÍR ša a-šùr ší-bu-tí-ni ni-dí-in i-tur₄-DINGIR DUMU a-mur-IŠTAR tap-pá-i-ni,"Sealed by Akuza son of Šu-Anum, by Amurrum-bāni son of Manana, by Lā-qēp son of Puzur-Ištar. The Kanesh colony gave us for these proceedings and we gave our testimony before Aššur's dagger. Itūr-ilī son of Amur-Ištar was our (absent) partner. ","Sealed by Akuza son of Šu-Anum, by Amurrum-bāni son of Manana, by Lā-qēp son of Puzur-Ištar. The Kanesh colony gave us for these proceedings and we gave our testimony before Aššur's dagger. Itūr-ilī son of Amur-Ištar was our (absent) partner.",3,KIŠIB a-ku-za DUMU šu-a-nim KIŠIB MAR.TU-ba-ni DUMU ma-na-na KIŠIB lá-qé-ep DUMU PUZUR₄.IŠTAR a-na a-wa-tim a-ni-a-tim kà-ru-um kà-ni-iš i-dí-ni-a-tí-ma IGI GÍR ša a-šùr ší-bu-tí-ni ni-dí-in i-tur₄-DINGIR DUMU a-mur-IŠTAR tap-pá-i-ni,96.83812343936283,262,259
4babe264-1ab7-4012-9247-ed95a50102c0,1.5 ma-na 2 GÍN i ṭup-pì-im lá-pì-it 1.8333 ma-na a qá-tí-a ta-dí ŠU.NÍGIN 3 ma-na šu-mì ku-ni-lim É kà-ri-im lá-pí-it i-5 ku-ta-ni TA ša É kà-ri-im i-dí-ú-ni 2 TÚG ša ku-ni-lúm ŠÀ.BA 0.5 TÚG i qá-tí ku-ni-lim ú-ṭá-ḫa IGI iš-ma-{d}IŠKUR IGI bu-za-zu,"For 1 mina 32 shekels he has been registered on the tablet. 1.8333 mina you deposited as my share. In all 3.5 minas have been booked in Kūn-ilum's name in the colonial office. Of the 5 -textiles each? that they deposited in the colonial office, 2 pieces belong to Kūn-ilum, thereof I will transfer 0.5 textile from Kūn-ilum's share. Witnessed by Išme-Adad, by Buzāzu.","1.5 mina 2 shekels has been booked in the tablet, 1.8333 mina you deposited as my share - in all 3 minas have been booked in Kūn-ilum's name in the colonial office. Of the 5 -textiles each that they deposited in the colonial office, 2 pieces belong to Kūn-ilum, thereof I will transfer 0.5 textile from Kūn-ilum's share. Witnessed by Išme-Adad, by Buzāzu.",6,1.8333 ma-na 2 GÍN i-na ṭup-pì-im lá-šu 1.8333 ma-na a-na qá-tí-a ta-dí-in ŠU.NÍGIN 3.5 ma-na šu-mì ku-ni-lim i-na É kà-ri-im lá-áp-tù i-na 5 ku-ta-ni 1 TÚG ku-ta-num ša a-na É kà-ri-im i-dí-nu 2 TÚG ša ku-ni-lim ŠÀ.BA 0.5 TÚG i-na qá-tí ku-ni-lim ú-ṭá-ḫi IGI iš-ma-{d}IM IGI bu-za-zu,66.01016182397757,287,321
0db91c91-7c07-4b21-962a-a6cde6af9a20,<gap> né-ma-al-šu ba-a-nim a ma-lá dí-in a-lim{ki} KÙ.BABBAR šu-uq-lá-ma ù a-na a-lim{ki} lu ni-lik lá tù-na-ḫa-ni lá ri-ig-ma-tum ší-bu-tum uš-kà-i-in a ṭup-pí-im ša a-lim{ki} ú ra-bi₄-ṣí-im ša be-li-a um-ma en-um-a-šur-ma a-na a-ba-ba-ma a-ta IGI a-we-li a-ni-ú-tim ta-aṣ-ba-tám-ma i-na dí-tim ta-áš-a-lá-ni a-ta ra-bi-ṣú-um i-li-kam-ma um-ma a-lá-ḫu-um-ma a-ḫi ma a bu a-ša-al ni-a-tí iš-al-ni-a-tí-ma na-pá-lá-tí-ni a-na a-lim{ki} i-ta-ba-al i-nu-mì a-bu-ni i-na dur₄-ḫu-mì-it me-tù a-na-ku lá-šu-a-ku-ma a-ḫi a-lá-ḫu-um i ri-iš a-bi-a i-zi-iz ús-ta-ki-lu-ni-ma a-bi ma-lá li-bi-šu-ma ù-lá-pí-it mì-ma a-na a-bi-a lá ḫa-bu-lá-ku ba-a-am URUDU ša dur₄-ḫu-mì-it bu-lá-tí lu ni-al-qé-a-am-ma a ma-lá dí-in a-lim{ki} iš-tí-kà a-na a-lim{ki} lu ni-lik-ma i-na bu-lá-tí ša a-bi-ni li-ma-am lu nu-ṭá-ib-ma i-na ší-ma-tí-ni ša a-bi₄-ni ša a-lim{ki} iš-tí a-ḫi-a ù a-ḫa-tí-a <gap> ra-bi-ṣú-um <gap> (l,"<gap> his profit. Come on! Pay in accordance with the verdict of the City, and then let us go to the City. Do not obstruct me."" This is not a formal lawsuit but a witnessed questioning. ""I submit to the tablet from the City and my lord's attorney."" Ennam-Aššur said to Ababa: ""It is you who have seized me before these men and you have questioned me in court. It is you who came as an attorney, but Ali-ahum said: 'I shall question my brother <gap>' It was us that he questioned and he took our answers away to the City. When our father died in Durhumit I personally was not present, but my brother Ali-ahum took care of my father. They appropriated things illegally and my father wrote what he wished. I do not owe anything to my father. Come on, let us take the copper in Durhumit, the assets, and let us go with you to the City in accordance with the verdict of the City and let us satisfy the eponym with the assets of our father and let me discuss the testament of our father in the City with my brother and my sister <gap> the attorney <gap> The Kanesh colony gave us for these proceedings and we gave our testimony before Aššur's dagger. Witnessed by <gap> by Suen-damiq, son of Aššur-imittī.""","<gap> his plenary assembly. Come, pay in accordance with the verdict of the City silver and then let us go to the City. Do not obstruct me, there is no consideration."" To the tablet from the City and my lord's attorney. Ennam-Aššur said to Ababa: ""Indeed, you have seized me before these men and you questioned me in the verdict, but Ali-ahum said: 'I question my brother, my dear brother, I question my brother!' I questioned us and Ali-ahum said: 'I question my brother, my dear brother, I question us and w",11,<gap> šu-um-šu <gap> ba-a-nim <gap> a ma-lá dí-in a-lim{ki} šu-qú-ul-ma ù a-na a-lim{ki} lu ni-lik lá tù-na-ḫa-ni lá ri-ig-ma-tum a-wa-tum ší-bu-tum a-na ṭup-pì-im ša a-lim{ki} ù ra-bi-ṣú-um ša be-li-a um-ma en-um-a-šur-ma a-na a-ba-ba-ma a-ta IGI a-we-li a-ni-ú-tim ta-aṣ-ba-at-ma i-na DINGIR-lim ta-áš-a-al a-ta ra-bi-ṣa-am i-li-kam-ma um-ma a-lá-ḫu-um-ma a-ḫi a-ša-al ni-a-tí ú-ša-al-ni-ma a-na a-lim{ki} e-ta-wu i-nu-mì a-bu-ni i-na dur₄-ḫu-mì-it i-mu-ut-ni a-na-ku ú-lá a-na-ku ú a-lá-ḫu-um a-ḫu-um a-na a-bi-a i-ḫi-id a-bu-a lá i-sà-ḫu-ru-ma a-bu-a a ma-lá li-bi-šu šu-up-ra-am mì-ma a-na a-bi₄-a ḫa-bu-lá-ku ú-lá ḫa-bu-lá-ku ba-a-nim URUDU i-na dur₄-ḫu-mì-it bu-lá-tim ni-il₅-qé-ma a-na ma-lá dí-in a-lim{ki} a-na a-lim{ki} ni-lik-ma a-na ma-lá dí-in a-lim{ki} lu ni-lik-ma li-mu-um ša bu-lá-tim ša a-bi₄-ni lu nu-ša-bi₄-ma ší-ma-at a-bi₄-ni i-na a-lim{ki} KI a-ḫi-a ù a-ḫa-tí lu <gap> ra-bi₄-ṣú-um <gap> a-na a-wa-tim a-ni-a-tim kà-ru-um kà-ni-iš i-dí-ni-a-tí-ma IGI GÍR ša a-šùr ší-bu-tí-ni ni-dí-in IGI <gap> IGI sú-en₆-SIG₅ DUMU a-šur-i-mì-tí,65.127306093086,1012,1184
6b3d989a-03a0-4e3f-9d67-4c1a63623a9a,KIŠIB zi-qí-qí DUMU ì-lí-dan KIŠIB šál-ma-a-šur DUMU ú-zu-a KIŠIB PUZUR₄.IŠTAR DUMU id-na-a 0.3333 ma-na 5 GÍN KÙ.BABBAR ṣa-ru-pá-am bé-ú-lá-tim ša e-lá-ma PUZUR₄.IŠTAR DUMU id-na-a il₅-qé iš-tí KÙ.BABBAR uk-ta-al KÙ ú-ta-ar-ma ú i-ta-lá-ak šu-ma a-e-ma ú-dá-pì-ir e-ga-ar-ma ig-ri sà-ri-dim ú-ma-lá 2 GÍN KÙ.BABBAR lu-bu-šu il₅-qé,"Seal of Ziqiqi, son of Ilī-dān, seal of Šalim-Aššur, son of Uzua, seal of Puzur-Ištar, son of Idnāya. 25 shekels of refined silver, a working capital belonging to Elamma, Puzur-Ištar, son of Idnāya, has received; with the silver he is held. When he returns the silver he can leave. If goes somewhere else I will rent somebody and the wages of the donkey-driver he shall compensate. Two shekels of silver, his clothing allowance, he has received.","Seal of Ziqiqi, son of Ilī-dān, seal of Šalim-Aššur, son of Uzuwa, seal of Puzur-Ištar, son of Idnāya. 0.3333 mina 5 shekels of refined silver, the working capital of Elamma, Puzur-Ištar, son of Idnāya, has received from the silver. He is held in service with the silver. He will charge the silver and then will charge it. If the maid disappears, he will charge the wagons of the driver. He took 2 shekels of silver.",5,KIŠIB zi-qí-qí DUMU ì-lí-dan KIŠIB ša-lim-a-šùr DUMU ú-zu-a KIŠIB PUZUR₄.IŠTAR DUMU id-na-a 0.3333 ma-na 5 GÍN KÙ.BABBAR ṣa-ru-pá-am be-ú-lá-at e-lá-ma PUZUR₄.IŠTAR DUMU id-na-a il₅-qé i-na KÙ.BABBAR ú-kà-al i-nu-mì KÙ.BABBAR i-tù-ra-ni i-ta-al-kam šu-ma a-ma-kam ma-ma-an ú ig-re ANŠE.ḪI.A ú-ma-lá ú-ma-lá 2 GÍN KÙ.BABBAR lu-bu-šu il₅-qé,69.49745942509693,381,387
aad0ebf8-6ac3-423b-a96c-b9c9b65fc7ab,a-na e-lá-ma qí-bi-ma um-ma <gap> ù a-šur-ma-lik-ma 4 GÚ AN.NA ku-nu-ki ša a-lim{ki} ú <gap> ku-ta-ni ILLAT la-qé-pí-im ub-lam ŠÀ.BA 17.5 ma-na AN.NA lá ku-nu-ki 5 ku-ta-nu i-na É.GAL-lim lá-qé-ú ki-ma té-er-ta-kà lá-šu-ni i-pì-kà a-na <gap> um-ma a-ta-ma AN.NA i-ṣé-er DAM.GÀR-ri-im li-dí-šu a <gap>,"To Elamma, say, thus <gap> and Aššur-mālik?: 4 talents of tin with seals applied in the City and <gap> -textiles? Lā-qēpum's <gap>. Thereof: 17.5 minas of tin without () 5 -textiles were taken in the palace. a written instruction on the basis of what you said to <gap>: ""Let him entrust the tin to an agent <gap>""""","Say to Elamma, thus <gap> and Aššur-mālik: 4 talents of tin with seals in the City and <gap> -textiles Lā-qēpum's caravan. Thereof: 17.5 minas of tin without the seals, 5 -textiles were taken in the palace. According to your instruction you said to <gap>: ""Let him give him the tin to the merchant <gap>""""",4,a-na e-lá-ma qí-bi₄-ma um-ma <gap> ù a-šur-ma-lik-ma 4 GÚ AN.NA ku-nu-ki ša a-lim{ki} ú <gap> ku-ta-ni <gap> <gap> ša lá-qé-pí-im <gap> ŠÀ.BA 17.5 ma-na AN.NA lá ú-lá 5 TÚG ku-ta-nu i-na É.GAL-lim lá-qé-ú TÚG lá-pì-tám ki-ma um-ma a-ta-ma AN.NA a-na DAM.GÀR li-ip-qí-id <gap>,66.58810575766249,328,304
5a259396-70b6-49ec-a72c-fb01ab396273,um-ma i-li-a a-šur-re-ṣí en-nam-a-šur ù da-dí-a-ma a-na e-la-ma qí-bi₄-ma 0.8333 ma-na LÁ 2 GÍN KÙ.BABBAR ša KÙ a-la-ḫi-im ša li-bi₄ na-ru-qí-kà ni-il₅-qé-a-šu-ma ší-ma-am ni-iš-a-ma ku-na-a ú-šé-bi₄-kum lá 1 ma-na KÙ.GI ša a-na a-lá-ḫi-im a-ta ša-áp-kà-tí-ni 1.6666 ma-na KÙ.BABBAR ni-il₅-qé-ma ší-ma-am ni-iš-a-ma a-šur-lá-ma-sí ú-šé-ri-a-kum 0.3333 ma-na KÙ.BABBAR ša ší-im ANŠE.ḪI.A ša a-na a-lá-ḫi-im tù-šé-bi₄-lá-ni a-na li-bi₄ lu-qú-tí-kà na-dí en-nam-a-šur ù šu-IŠTAR DUMU da-da-nim ú-šé-ṣí-ú-ni-kum 20 ma-na URUDU iš-tí DINGIR-ba-ni 8 ma-na URUDU iš-tí aḫ-ma-a ni-il₅-qé-ma 4 TÚG šu-ru-tim ni-iš-a-ma en-nam-a-šur ù šu-IŠTAR DUMU da-da-nim ub-lu-ni-kum a-šu-mì KÙ.BABBAR ša É A.BA ša na-ru-uq a-la-ḫi-im ša ta-áš-pu-ra-ni qá-at-kà ù qá-sú ša a-la-ḫi-im a-šur-DU₁₀ il₅-qé ší-ma-am iš-a-ma ú-šé-ṣí né-nu mì-ma ú-lá ni-il₅-qé,"Thus Iliya, Aššur-rēṣī, Ennam-Aššur and Dadiya, say to Elamma: 48 shekels of silver, which is silver of Ali-ahum that is part of your joint-stock fund, we took it and made purchases with it and Kunnaya has sent them to you. (As for) the 1 mina of gold you yourself have invested with Ali-ahum, we collected 1.6666 mina of silver and made purchases and Aššur-lamassī has brought them to you. 0.3333 mina of silver of the price of the donkeys you sent to Ali-ahum has been added to your merchandise; Ennam-Aššur and Šu-Ištar, son of Dadānum, have shipped it off to you. We collected 20 minas of copper from Ilī-bāni and 8 minas of copper from Ahmaya and we bought (with it) dark textiles; Ennam-Aššur and Šu-Ištar, son of Dadānum, have brought it to you. As for the silver of the paternal house that is (in) the joint-stock capital of Ali-ahum, about which you wrote - Aššur-ṭāb took your and Ali-ahum's part (and) he made purchases (with it) and shipped them off. We ourselves did not receive / take anything.""","Thus Iliya, Aššur-rēṣī, Ennam-Aššur and Dadiya, say to Elamma: 0.8333 mina less 2 shekels of silver from the silver of Ali-ahum, which is in the possession of your joint-stock capital, we took it and made purchases and Kunnāya has sent it to you. As to the 1 mina of gold you yourself invested in Ali-ahum, we took 1.6666 mina of silver and made purchases and Aššur-lamassī has brought it to you. 0.3333 mina of silver from the price of the donkeys you have brought to Ali-ahum we took and made purc",6,um-ma i-li-a a-šur-re-ṣí en-um-a-šur ù da-dí-a-ma a-na e-lá-ma qí-bi₄-ma 0.3333 ma-na 8 GÍN KÙ.BABBAR ša KÙ.BABBAR a-lá-ḫi-im ša i-na li-bi₄ na-ru-qí-kà ni-il₅-qé-šu-ma ší-ma-am ni-iš-a-ma ku-na-a ú-šé-bi₄-lam 1 ma-na KÙ.GI ša a-lá-ḫu-um ta-dí-na-a-ni 1.6666 ma-na KÙ.BABBAR ni-il₅-qé-ma ší-ma-am ni-iš-a-ma a-šùr-lá-ma-sí ú-bi-il₅-kum 0.3333 ma-na KÙ.BABBAR ša ší-im ANŠE.ḪI.A ša a-na a-lá-ḫi-im tù-šé-bi-lá-ni a-na lu-qú-tí-kà ú-ra-dí en-um-a-šùr ù šu-IŠTAR DUMU da-da-nim ú-bi-il₅-šu 20 ma-na URUDU ša ili₅-ba-ni ù 8 ma-na URUDU ša aḫ-ma-a ni-il₅-qé-ma TÚG šu-ru-tum ni-iš-a-am en-um-a-šur ù šu-IŠTAR DUMU da-da-nim ub-lu-nim KÙ.BABBAR ša É a-bi₄-im ša ta-áš-pu-ra-ni ša na-ru-qí-im ša a-lá-ḫi-im ša ta-áš-pu-ra-ni a-šùr-DU₁₀ ší-ma-am ú-ša-áš-ma ú-bi₄-il₅ Mì-ma né-nu lá il₅-qé,66.52591215886102,981,921
10bd64cd-2f89-4634-a5ca-e28bba719142,KIŠIB en-na-nim DUMU šu-bé-lim KIŠIB ú-ṣú-ur-ša-a-šur DUMU a-mur-i-a 13.5 GÍN KÙ.BABBAR ṣa-ru-pá-am i-na ṣé-er ú-ṣú-ur-ša-a-šur DUMU a-mur-i-a i-ri-šum i-šu iš-tù ḫa-mu-uš₁₀-tim ša a-šur-i-mì-tí ù a-mur-IŠTAR 0.3333 GÍN.TA i-na ITU.KAM ú-ṣa-áb,"Seal of Ennānum son of Šu-Bēlum, seal of Uṣur-ša-Aššur son of Amurriya. Uṣur-ša-Aššur son of Amurriya owes 13.5 shekels of refined silver to Irišum. Reckoned from the week of Aššur-imittī and Amur-Ištar he must add interest at the rate 0.3333 shekel per month.","Seal of Ennānum son of Šu-Bēlum, seal of Uṣur-ša-Aššur son of Amurriya. Uṣur-ša-Aššur son of Amurriya owes 13.5 shekels of refined silver to Irišum. Reckoned from the week of Aššur-imittī and Amur-Ištar he will add as interest 0.3333 shekel per month.",3,KIŠIB en-na-nim DUMU šu-be-lim KIŠIB ú-ṣur-ša-a-šur DUMU a-mu-ri-a 13.5 GÍN KÙ.BABBAR ṣa-ru-pá-am i-ṣé-er ú-ṣur-ša-a-šur DUMU a-mu-ri-a i-ri-šum i-šu iš-tù ḫa-muš-tim ša a-šur-i-mì-tí ù a-mur-IŠTAR 0.3333 GÍN.TA i-na ITU.KAM ú-ṣa-áb,80.01922551936748,289,271
e850cbbe-2e7b-45ff-b921-6a3421331c08,30 GÚ URUDU sà-ḫi-ra-am ša dur₄-ḫu-mì-it i-na ṣé-er ma-ma-ḫi-ir DUMU a-mur-IŠTAR ša-lim-a-šur i-šu i-na e-ra-bi₄-šu-ma ITU.KAM i-lá-ak KÙ.BABBAR a-na ša ki-ma šu-a-tí šu ú-šé-ba-lá-ma <gap> ki-ma <gap>-dí-ú URUDU i-ša-qal <gap> šu-ma lá ú-šé-bi₄-lam-ma ki-ma a-wa-at kà-ri-im ṣí-ib-tám ú-ṣa-áb IGI en-na-sú-in IGI sà-li-a IGI a-šur-na-da IGI SIG₅-pí-a-šur,"Man-mahir son of Amur-Ištar owes 30 talents of -copper from Durhumit to Šalim-Aššur. When he arrives one month will pass, and then he will send silver to his representatives, and <gap> he will pay in copper. If he has not sent it (in time), he will pay interest in accordance with the rule of the colony. Witnessed by Enna-Suen, by Salliya by Aššur-nādā, by Damiq-pī-Aššur. ","Man-mahir son of Amur-Ištar owes 30 talents of -copper from Durhumit to Šalim-Aššur. When he arrives month will pass, he will send silver to his representatives, and <gap> he will pay in accordance with the rule of the colony. Witnessed by Enna-Suen, by Salliya by Aššur-nādā, by Damiq-pī-Aššur.",4,30 GÚ URUDU ší-kam ša dur₄-ḫu-mì-it i-ṣé-er ma-ma-ḫi-ir DUMU a-mur-IŠTAR ša-lim-a-šùr i-šu i-na e-ra-bi₄-šu ITU.KAM i-lá-ak-ma ù KÙ.BABBAR a-na ša ki-ma šu-a-tí ú-šé-ba-lam-ma <gap> a-na URUDU i-ša-qal šu-ma lá ú-šé-bi₄-lam ki-ma a-wa-at kà-ri-im ṣí-ib-tám ú-ṣa-áb IGI en-na-sú-in IGI sà-li-a IGI a-šur-na-da IGI SIG₅-pí-a-šur,76.97412637542716,413,381
ce69dae3-6b1a-4fce-802e-35eec4e70325,um-ma i-ku-pí-a-ma dan-a-šur ù ša-lim-wa-ar-dí-ma a-na en-um-a-šur qí-bi-ma 2 GÚ URUDU SIG₅ dan-a-šur iš-qú-ul-ni-a-tí 3 ša-áb-ra-tim lá iš-bi-ir-ma 15 GÍN ša-qá-lá-am qá-bi nu-ša-aḫ-li-il₅ ṭup-pu-šu šé-bi-lam 3 GÚ URUDU SIG₅ i ší-im AN.NA-kà ù TÚG.ḪI-tí-kà 5 GÚ URUDU SIG₅ ku-nu-ki-ni šu-nu-nu na-áš-a-ku-um URUDU ša ki-ma sá-li-a né-ri-iš-ma ta-dá-na-am lá i-mu-ú a-du-um lu-lá-im ša ta-áš-pu-ra-ni lu-lá-um lá-šu a-dí 5 u₄-me ša-lim-wa-ar-dí i-za-ku-ma ni-ṭá-ra-dam 3 ma-na URUDU a qá-tí-šu ni-dí-in,"From Ikūn-pīya, Dan-Aššur and Šalim-wardī to Ennam-Aššur: Dan-Aššur has paid us 2 talents of good copper. He did not break the 3 blocks, and he promised to pay 15 shekels. We <gap> Send his tablet. Šu-Nūnu brings you 3 talents of good copper from the proceeds from your tin and your textiles, (in all) 5 talents of good copper under our seals. We asked for copper from Salliya's representatives but they would not give it. As to the you wrote about, there is no none. Within 5 days Šalim-wardī will be cleared and we shall send him. We gave him 3 minas of copper to dispose of. ","From Ikūn-pīya, Dan-Aššur and Šalim-wardī to Ennam-Aššur: Dan-Aššur has paid us 2 talents of good copper. He has not broken 3 paddocks, but he has promised to pay 15 shekels. We have <gap> Send his tablet. Šu-Nūnu brings you 3 talents of good copper from the proceeds of your tin and your textiles, 5 talents of good copper under our seals. We asked for copper from Salliya's representatives, but they would not give it. Concerning the affair you wrote me about, there is no affair for me.",8,um-ma i-ku-pí-a dan-a-šur ù ša-lim-wa-ar-dí-ma a-na en-um-a-šur qí-bi-ma 2 GÚ URUDU SIG₅ dan-a-šur iš-qú-ul-ni-a-tí 3 ša-pá-ar-tim lá ú-bi₄-il₅-ma 15 GÍN ša-qá-lam iq-bi₄ ṭup-pu-šu nu-šé-ba-lam <gap> ṭup-pu-šu šé-bi-lam 3 GÚ URUDU SIG₅ ša ší-im AN.NA-ki-kà ù ṣú-ba-tí-kà 5 GÚ URUDU SIG₅ ku-nu-ki-ni šu-nu-nu na-áš-a-kum URUDU ša ki-ma sà-li-a ni-eš-ru-ma lá i-du-nu-šu-um a-na ša ta-áš-pu-ra-ni lá-šu lá-šu a-na 5 u₄-me-e ša-lim-ar-dí i-za-ku-ur-ma nu-šé-ba-lam 3 ma-na URUDU a-na qá-tí-šu ni-dí-in,67.3567505303095,579,576
3859a030-2bde-450a-be7f-44926917c899,i-sú-ri-ik a-na a-lim{ki} i-lá-ak-ma É-tí-šu ša bu-ri-im a-šar a-ni ša-lim-a-šùr wa-áš-bu-ni a-na tù-ud-ḫi-li-a a-ḫu tù-li a-na ší-mì-im i-dí-šu-nu a-na a-wa-tim a-ni-a-tim kà-ru-um kà-ni-iš i-dí-ni-a-tí-ma ṭup-pá-am ší-bu-tí-ni IGI GÍR ša a-šùr ni-dí-in IGI sú-kà-lí-a DUMU a-mur-a-šùr IGI a-ku-za DUMU šu-a-nim IGI ú-ra-a DUMU ma-na na,"As Issu-arik will go to the City, he sold his houses by the well, where at present Šalim-Aššur is living, to Tudhiliya the brother of Tuli. The Kanesh colony gave us for these proceedings, and we gave a tablet with our testimony before the dagger of Aššur. Witnessed by Sukkalliya son of Amur-Aššur, by Akuza son of Šu-Anum, by Uraya son of Manana.","Issu-arik will go to the City and he sold his houses by the well, where at present Šalim-Aššur is living, to Tudhiliya the brother of Tuli. The Kanesh colony gave us for these proceedings, and we gave a tablet with our testimony before the dagger of Aššur. Witnessed by Sukkalliya son of Amur-Aššur, by Akuza son of Šu-Anum, by Uraya son of Manana.",3,i-sú-rik₁₃ a-na a-lim{ki} i-lá-ak-ma É-tí-šu ša bu-ri-im a-šar a-ni-im ša-lim-a-šùr wa-áš-bu a-na tù-ud-ḫa-li-a a-ḫu tù-li a-na ší-mì-im i-dí-in a-na a-wa-tim a-ni-a-tim kà-ru-um kà-ni-iš i-dí-ni-a-tí-ma ṭup-pá-am ší-bu-tí-ni IGI GÍR ša a-šùr ni-dí-in IGI sú-kà-lí-a DUMU a-mur-a-šur IGI a-ku-za DUMU šu-a-nim IGI ú-ra-a DUMU ma-na-na,87.42628744887756,383,382
4359bb9c-25a6-4c10-98df-e9166adea494,KIŠIB ú-zu-a KIŠIB i-dí-a-bi-im KIŠIB sú-kà-lim DUMU i-dí-sú-in 11.5 ma-na URUDU ší-ku-um i-ṣé-er sú-kà-lim lu-zi i-šu ITU.KAM áb-ša-ra-ni li-mu-um ku-bi-a ki-ma a-wa-at kà-ri-im ṣí-ib-tám ú-ṣa-áb,"Seal of Uzua, seal of Iddin-abum, seal of Sukkallum son of Iddin-Suen. Sukkallum owes 11.5 minas of -copper to Luzi. Month Ab-šarrāni, eponymy Kūbiya. He must add interest in accordance with the rule of the colony.","Seal of Uzua, seal of Iddin-abum, seal of Sukkallum son of Iddin-Suen. Sukkallum owes 11.5 minas of -copper to Luzi. Month Ab-šarrāni, eponymy Kūbiya. He must add interest in accordance with the rule of the colony.",4,KIŠIB ú-zu-a KIŠIB i-dí-a-bi-im KIŠIB sú-kà-lim DUMU i-dí-sú-in 11.5 ma-na URUDU ší-ku-um i-ṣé-er sú-kà-lim lu-zi i-šu ITU.1.KAM áb-ša-ra-ni li-mu-um ku-bi-a ki-ma a-wa-at kà-ri-im ṣí-ib-tám ú-ṣa-áb,97.53982918897024,224,226
2b5b13f1-3c54-4376-bc8d-eba69841918c,8 ma-na KÙ.BABBAR ṣa-ru-pá-am PUZUR₄ <gap> a-na i-dí-a-bi-im i-dí-in i-na a-lim{ki} šu-mì DAM.GÀR-ri-im 2 ma-na KÙ.GI i-lá-pá-at IGI la-qé-pí-im IGI la-qé-ep DUMU {d}EN.LÍL-ba-ni,"Puzur-<gap> gave 8 minas of refined silver to Iddin-abum. He will book 2 minas of gold in the name of a merchant in the City. Witnessed by Lā-qēpum, by Lā-qēp s. of Illil-bāni.","Puzur-<gap> gave 8 minas of refined silver to Iddin-abum. He will book 2 minas of gold in the name of a merchant in the name of a merchant. Witnessed by Lā-qēpum, by Lā-qēp s. of Illil-bāni.",4,8 ma-na KÙ.BABBAR ṣa-ru-pá-am PUZUR₄ <gap> a-na i-dí-a-bi-im i-dí-in 2 ma-na KÙ.GI i-na a-lim{ki} a-šu-mì DAM.GÀR i-lá-pá-at IGI lá-qé-pí-im IGI lá-qé-pí-im DUMU lá-qé-pí-im KIŠIB {d}EN.LÍL-ba-ni,78.66311058155682,196,220
1dde2224-e434-4e76-85df-4a3b64f9c64c,um-ma ì-lí-dan-ma a-na en-nam-a-šur qí-bi₄-ma a-ḫi a-ta be-lí a-ta <gap> ta-li-kam-ma <gap> tù-ša-<gap> ma-lá <gap> i <gap> dí iš <gap> li-mu-tù <gap> a-dí-i ṭup-pu lá i-mu-tù-ú gi₅-mì-li-kà-a lá a-ga-mì-il₅-kà-a ù KÙ.BABBAR maš-qá-al-ta-kà mì-ma ú-la a-ša-qá-la-kum,"From Ilī-dan to Ennam-Aššur: My dear brother and lord, <gap> you came <gap> let (the tablets) be invalid. As long as the tablets have not been invalidated at all, I shall by no means show you any favours and I shall not make any payments in silver to you.","From Ilī-dan to Ennam-Aššur: My dear brother and lord, <gap> you came and <gap> the tablets have been invalidated. As long as the tablets have not been invalidated, I shall not forgive you any favours, so I shall not pay you any silver.",2,um-ma ì-lí-dan-ma a-na en-um-a-šur qí-bi-ma a-ḫi a-ta be-lí a-ta <gap> ta-li-kam <gap> li-dí-in a-dí ṭup-pu-ú lá i-mu-tù gi-mì-li-kà ú-lá a-ga-mì-lá-ku-um ú KÙ.BABBAR mì-ma ú-lá a-ša-qá-lam,48.703042099216184,305,216
8ac276ba-d9a1-49cc-bde0-625e78800f72,KIŠIB i-dí-a-šur DUMU ì-lí-dan KIŠIB a-šur-SIPA DUMU i-dí-da KIŠIB e-lá-ma DUMU i-dí-sú-en₆ KIŠIB PUZUR₄.IŠTAR DUMU a-šur-ma-lik ší-ma-at i-dí-a-šur DUMU ì-lí-dan be-el ší-ma-tí-a a-na ba-áb DINGIR lá ú-šé-ru-du ša ú-šé-ru-du 10 ma-na KÙ.BABBAR i-ša-qal,"Seal of Iddin-Aššur, son of Ilī-dān, seal of Aššur-rē'ī, son of Idida, seal of Elamma, son of Iddin-Suen, seal of Puzur-Ištar, son of Aššur-mālik. Testament of Iddin-Aššur, son of Ilī-dān. They shall not lead my testamentary executors down to the Gate of the God. Who does lead them down shall pay 10 minas of silver.","Seal of Iddin-Aššur, son of Ilī-dān, seal of Aššur-rē'ī, son of Idida, seal of Elamma, son of Iddin-Suen, seal of Puzur-Ištar, son of Aššur-mālik. Testament of Iddin-Aššur, son of Ilī-dān. They do not lead my testamentary testamentary testamentary testamentary testamentary testamentary testamentary testamentary testamentary testamentary testamentary testamentary testamentary testamentary testamentary testamentary testamentary testamentary testamentary testamentary testamentary testamentary",4,KIŠIB i-dí-a-šur DUMU ì-lí-dan KIŠIB a-šur-SIPA DUMU i-dí-da KIŠIB e-lá-ma DUMU i-dí-sú-en₆ KIŠIB PUZUR₄.IŠTAR DUMU a-šur-ma-lik ší-bu-tù-šu ša i-dí-a-šur DUMU ì-lí-dan a-bu-ú-a ší-bu-tí-a a-na ba-áb DINGIR lá ú-šé-ru-du šu-ma i-šé-ru-šu-nu 10 ma-na KÙ.BABBAR i-ša-qal,86.12522534975366,292,311
a1d9a827-0894-4474-9075-9cf1ebbb9d43,4 GÍN KÙ.BABBAR li-tí i-ṣé-er a-šur-ta-ak-lá-ku DUMU a-a-a šu-be-lúm i-šu iš-tù ḫa-mu-uš-tim ša a-šur-ta-ak-lá-ku ù e-me-me a-na ITU.KAM i-ša-qal šu-ma i-na ú-mì-šu ma-al-ú-tim lá iš-qúl 22.5 ŠE KÙ.BABBAR i-na ITU.KAM ú-ṣa-áb li-mu-um a-šur-na-da IGI a-šur-i-dí,4 shekels of -silver Aššur-taklāku son of A'aya owes to Šu-Bēlum. Reckoned from the week of Aššur-taklāku and Ememe he will pay within a month. If he does not pay when his term is due he will add 1 / 8 shekel of silver per month. Year eponymy of Aššur-nādā. Witnessed by Aššur-idī.,"4 shekels of -silver Aššur-taklāku son of A'aya owes to Šu-Bēlum. Reckoned from the week of Aššur-taklāku and Ememe he will pay within a month. If he does not pay when his term is up, he will add 22.5 grains of silver per month. Eponymy of Aššur-nādā. Witnessed by Aššur-idī.",5,4 GÍN KÙ.BABBAR li-tí i-ṣé-er a-šur-ta-ak-lá-ku DUMU a-a-a šu-be-lúm i-šu iš-tù ḫa-mu-uš-tim ša a-šur-ta-ak-lá-ku ù e-me-me a-na ITU.KAM i-ša-qal šu-ma i-na ma-lá u₄-me-šu lá iš-qú-ul 22.5 ŠE KÙ.BABBAR i-na ITU.KAM ú-ṣa-áb KIŠIB a-šur-na-da li-mu-um a-šur-na-da IGI a-šur-i-dí,88.3264711063983,299,316
4aac0b6b-c7eb-4efb-b988-2df596dad287,KIŠIB a-šùr-DU₁₀ DUMU a-ḫu-wa-qar KIŠIB šu-a-nim DUMU a-ki-a-nim KIŠIB a-šur-du-gul DUMU im-da-ḫi KIŠIB a-šur-DU₁₀ DUMU i-dí-ba-ni 12 GÍN KÙ.BABBAR i-ṣé-er a-šùr-DU₁₀ DUMU i-dí-ba-ni en-na-sú-in i-šu ITU.KAM na-ar-ma-ak-a-šur li-mu-um e-lá-li DUMU i-ku-nim ṣí-ib-tám ki-ma a-wa-at kà-ri-im kà-né-eš ú-ṣa-áb,"Seal of Aššur-ṭāb, son of Ahu-waqar, seal of Šu-Anim, son of Akiānum, seal of Aššur-dugul, son of Imdī-ahī, seal of Aššur-ṭāb, son of Idi-bāni, Ennam-Suen has a claim of 12 shekels of silver on Aššur-ṭāb, son of Idi-āni; month II / III, eponymy of Elalī, son of Ikūnum. He will add interest according to the regulation of of the Kanesh colony.","Seal of Aššur-ṭāb, son of Ahu-waqar, seal of Šu-Anum, son of Akiānum, seal of Aššur-dugul, son of Imdī-ahī, seal of Aššur-ṭāb, son of Idi-bāni, Ennam-Suen owes 12 shekels of silver to Ennam-Suen. Month Narmak-Aššur, eponymy Elālī, son of Ikūnum. He will add interest in accordance with the rule of the Kanesh colony.",2,KIŠIB a-šur-DU₁₀ DUMU a-ḫu-wa-qar KIŠIB šu-a-nim DUMU a-ki-a-nim KIŠIB a-šur-du-gul DUMU im-da-ḫi KIŠIB a-šur-DU₁₀ DUMU ì-dí-ba-ni 12 GÍN KÙ.BABBAR i-ṣé-er a-šur-DU₁₀ DUMU ì-dí-ba-ni en-na-sú-in i-šu ITU.KAM na-ar-ma-ak-a-šur li-mu-um e-lá-lí DUMU i-ku-nim kà-ri-im kà-ni-iš ṣí-ib-tám ú-ṣa-áb,81.26192502119014,356,342
d65e3010-290f-4aff-9bca-73b9949908d3,a be-ú-lá-tí-šu lá i-da-ra-kam lá ta-ga-ra-šu i-nu-mì lu-qú-tám ta-pá-qí-da-ni a-na a-wi-lim sà-ri-im ša ki-ma a-šur-lá-ma-sí i-na maš-kà-tí-a ší-ma-am ša a-ki-dí-e ša 1 ma-na KÙ ša-ma-nim kà-ṣa-ra-am i-nu-mì ta-ga-ra-ni šu-ma 3 TÚG SIG₅ ú ma-na-a lá ta-pá-qí-da a,"(If) for his working capital he does not do the packing you (plur.) must not hire him. When you entrust merchandise (for transport). (must it be) to a perfidious men, who replaces / represents? Aššur-lamassī? Buy from my funds Akkadian textiles for a value of 1 mina of silver? As for a harnesser, when you are hiring one, (even) when it concerns (only) 3 textiles of fine quality and do not entrust them to <gap>""""","<gap> he does not drag you for his working capital, do not drag him. When you entrust merchandise to the merchant, the representative of Aššur-lamassī. Of my funds you must buy Akkadian textiles worth 1 mina of silver. When you entrust merchandise to me, if you have not entrusted 3 Akkadian textiles and do not entrust them to Manaya. When you entrust merchandise to me, do not entrust 3 fine textiles and then do not entrust them to Manaya.",6,a-na be-ú-lá-tí-šu lá i-sà-ḫu-ra-ku-um lá tù-ga-me-ra-šu i-nu-mì lu-qú-tám tù-pá-qí-da <gap> a-na a-we-li sà-sà-tim ša ki-ma i-a-tí a-šur-lá-ma-sí <gap> i-na ma-aḫ-ri-a TÚG a-ki-dí-e ša 1 ma-na KÙ.BABBAR ša-ma-nim kà-ṣa-ar i-nu-mì ta-ag-ra-ni šu-ma 3 TÚG SIG₅ ù a-na <gap> lá ta-pá-qí-da <gap>,59.456011140297115,303,336
a93199e0-142c-483c-b8ed-e42d79678063,2 me-at ŠE.AM i-na ṣí-im-dim ša-bu-tim a-lam šu-ut-ma ú-ma-lá iš-tí en-nam-a-šur 2 me 50 BANEŠ ŠE-am i-na ṣí-im-dim ša-bu-tim a-lam šu-ut-ma ú-ma-lá iš-tí a-ba-a 42 ŠE-am i-na ṣí-im-dim ša-bu-tim iš-tí a-šur-ta-ak-lá-ak 1 me-at 4 BANEŠ ŠE.AM i-na ṣí-im-dim ša-bu-tim a-lam šu-ut-ma ú-ma-lá iš-tí a-ba-a a-né-ma i-ma-da-ad 3 ṭup-pu-ú 8 BANEŠ ŠE-am KI e-wa-ar-nim 50 BANEŠ ŠE-am a-lam₅{ki} šu-ut-ma ú-ma-lá KI en-nam-{d}IM DUMU šu-na-a,"200 measures of barley - by the 3--measure of <gap> he himself will complement (it in?) the City - are with Ennam-Aššur. 250 3-measure of barley - by the 3-measure of <gap> he himself will complement (it in?) the city - are with Abaya. 42? measures of barley, by the 3 -measure of <gap>, are with Aššur-taklāk. 104 3--measures of barley - by the 3--measure of <gap> - he himself will complement (it in?) the city - are with Abaya. He shall measure it out now. Three tablets. 8 3--measures of barley with Ewarnum; 50 3--measures of barley - he himself will complement (it in?) the city - are with Ennam-Adad, son of Šunāya.",200 measures of barley - at the expense of <gap> he will complement in the City - with Ennam-Aššur. 250 measures of barley - at the expense of <gap> he will complement in the City - with Abaya. 42 measures of barley - at the expense of <gap> he will complement in the City - with Abaya. He will make him made now. 3 tablets. 8 measures of barley due from Ewarnum. 50 measures of barley - at the expense of <gap> he will complement in the City - with Ennam-Adad son of Aššur-bēl-awātim.,8,2 me-at Ì.GIŠ i-na 3-ší-im ša <gap> a-lim{ki} šu-ut-ma ú-ma-lá iš-tí en-um-a-šur i-ba-ší 2 me-at 50 Ì.GIŠ ŠE-um i-na 3 ŠE-um ša <gap> šu-ut-ma ú-ma-lá iš-tí a-ba-a i-ba-ší 42 ma-na 2 GÍN KÙ.BABBAR ṣa-ru-pá-am il₅-ta-qé ší-im ŠE-am i-na 3 ku-ta-ni ša <gap> iš-tí a-šur-ta-ak-lá-ak i-ba-ší 1 me-at 4 ku-ta-ni ŠE-am i-na ṣé-er <gap> a-lim{ki} šu-ut-ma ú-ma-lá iš-tí a-ba-a i-ba-ší a-na-kam i-ma-qú-ut 3 ṭup-pu-ú ší-it-ru-tum 8 3-ší-ta ŠE-am iš-tí e-wa-ar-nim 50 3-ší-ta ŠE-am a-lá-an šu-ut-ma ú-ma-lá iš-tí en-um-{d}IM DUMU šu-na-a i-ba-ší,51.66621384860408,489,613
b575f2c1-e228-4afe-a720-65f70fc7e639,10 ma-na KÙ.BABBAR ṣa-ru-pá-am tù-ur-a-a DUMU ú-zu-a i-na ší-im SÍG.ḪI.A ša ú-ší-na-lam il₅-qé IGI a-šùr-i-mì-tí DUMU du-dí-ki IGI en-na-sú-in IGI a-šùr-e-mu-qí DUMU i-ku-nim IGI a-šùr-DU₁₀ DUMU en-na-sú-in DUMU za-li-dí,"Tūraya son of Uzuwa has received 10 minas of refined silver from the proceeds of Ušinalam's wool. Witnessed by Aššur-imittī son of Dudiki, by Enna-Suen, by Aššur-emūqī son of Ikūnum, by Aššur-ṭāb son of Enna-Suen, (grand)son of Zalidī.","Tūraya son of Uzuwa has received 10 minas of refined silver from the proceeds of Ušinalam's wool. Witnessed by Aššur-imittī son of Dudiki, by Enna-Suen, by Aššur-emūqī son of Ikūnum, by Aššur-ṭāb son of Enna-Suen, (grand)son of Zalidī.",2,10 ma-na KÙ.BABBAR ṣa-ru-pá-am tù-ur-a-a DUMU ú-zu-a i-na ší-im SÍG.ḪI.A ša ú-ší-na-lam il₅-qé IGI a-šùr-i-mì-tí DUMU du-dí-ki IGI en-na-sú-in IGI a-šùr-e-mu-qí DUMU i-ku-nim IGI a-šùr-DU₁₀ DUMU en-na-sú-in DUMU za-li-dí,100.0,255,255
bca184e1-614f-484c-b441-67f5a5696b3c,36 GÚ SÍG.ḪI.A ša ì-lí-dan ša i-na É ir-i-bi₄-im i-ba-ší-ú en-um-a-šur iṣ-ba-at um-ma šu-ut-ma lá tù-šar tù-šar-ma i-na É-tí <gap>,"Ennam-Aššur has seized 36 talents of wool belonging to Ilī-dan that was in Irʾibum's house. He said: You must not release it. If you release it, in the house<gap>""""","Ennam-Aššur has seized 36 talents of wool belonging to Ilī-dan that was in Ir'ibum's house. He said: You must not release it. If you release it in the house<gap>""""",3,36 GÚ SÍG.ḪI.A ša ì-lí-dan ša i-na É ir-i-bi₄-im i-ba-ší-ú en-um-a-šùr iṣ-ba-at um-ma šu-ut-ma lá tù-šar šu-ma tù-ša-ra-šu i-na be-tim <gap>,81.73889637869178,155,166
83f611ec-6cf6-4f07-9604-62abcb1e6fa3,13.3333 ma-na KÙ.BABBAR ṣa-ru-pá-am i-ṣé-er i-dí-a-bi₄-im a-mur-IŠTAR i-šu u₄-mu-šu ma-al-ú IGI a-šur-e-mu-qí IGI en-nam-a-šur DUMU me-na-a,"Iddin-abum owes 13.3333 minas of silver to Amur-Ištar. His term has expired. Witnessed by Aššur-emūqi, by Ennam-Aššur son of Menaya.","Iddin-abum owes 13.3333 minas of refined silver to Amur-Ištar. His term has expired. Witnessed by Aššur-emūqi, by Ennam-Aššur son of Menaya.",3,13.3333 ma-na KÙ.BABBAR i-ṣé-er i-dí-a-bi₄-im a-mur-IŠTAR i-šu u₄-mu-šu ma-al-ú IGI a-šur-e-mu-qí IGI en-nam-a-šur DUMU me-na-a,90.72814766405794,158,143
302489d1-fcff-430f-84c5-a1fb567c8e55,41 ma-na 11.5 GÍN KÙ.BABBAR ṣa-ru-pá-am ku-nu-ku ša ki-ma šu-a-tí ú ku-nu-ki-a 3 né-pí-šu a-ḫa-ma 0.6666 ma-na 1 GÍN KÙ.BABBAR ša-du-a-sú mì-ma a-nim a-na šu-nu-nu ù ì-lí-áš-ra-ni áp-qí-id-ma a-na ṣé-er ša-lim-a-šur a-na a-lim{ki} ub-lu a-ḫa-ma 5 GÍN KÙ.BABBAR a-na ú-ku-ul-tí-šu-nu a-dí-šu-nu-tí IGI a-ḫu-wa-qar DUMU šu-IŠTAR IGI ba-zi-a DUMU DINGIR-ku-ru-ub IGI DUMU qar-da-a a-ḫa-ma 10 GÍN KÙ.BABBAR a bé-a-lim a-na šu-nu-nu 7 GÍN KÙ.BABBAR a-na ì-lí-áš-ra-ni ma-aḫ-ri-šu-nu a-dí-in,"41 minas 11.5 shekels of refined silver, sealed by your representatives and by me - 3 packages; further, 0.6666 mina 1 shekel of silver, its transport tariff - all this I entrusted to Šu-Nūnu and Ilī-ašrannī, and they brought it to Šalim-Aššur in the City. Furthermore, 5 shekels of silver I gave them for their food. Witnessed by Ahu-waqar son of Šu-Ištar, by Baziya son of Ilī-kurub, by the son of Qardaya. Furthermore, I gave 10 shekels of silver to Šu-Nūnu as a working capital and 7 shekels of silver to Ilī-ašrannī witnessed by them.","41 minas 11.5 shekels of refined silver, sealed by his representatives and by me - in three packages; further, 0.6666 mina 1 shekel of silver, its transport tariff - all this I entrusted to Šu-Nūnu and Ilī-ašrannī, and they brought it to Šalim-Aššur in the City. Furthermore, I gave them 5 shekels of silver for their food. Witnessed by Ahu-waqar son of Šu-Ištar, by Baziya son of Ilī-kurub, by the son of Qardaya. Furthermore, I gave 10 shekels of silver to Šu-Nūnu as a working capital. In the pr",4,41 ma-na 11.5 GÍN KÙ.BABBAR ṣa-ru-pá-am ku-nu-ki ša ki-ma ku-a-tí ù ku-nu-ki-a 3 né-pí-šu a-ḫa-ma 0.6666 ma-na 1 GÍN KÙ.BABBAR ša-du-a-sú mì-ma a-nim a-na šu-nu-nu ù ì-lí-áš-ra-ni áp-qí-id-ma a-ṣé-er ša-lim-a-šùr a-na a-lim{ki} ub-lu a-ḫa-ma 5 GÍN KÙ.BABBAR a-na ú-ku-ul-tí-šu-nu a-dí-in IGI a-ḫu-wa-qar DUMU šu-IŠTAR IGI ba-zi-a DUMU DINGIR-kur-ub IGI DUMU qar-da-a a-ḫa-ma 10 GÍN KÙ.BABBAR a-na šu-nu-nu a-na be-a-lim ù 7 GÍN KÙ.BABBAR a-na ì-lí-áš-ra-ni IGI šu-nu-ni a-dí-in,85.37571192574033,547,535
56727b0e-4185-4be1-96e5-c6239c26ded7,KIŠIB a-šur-e-mu-qí KIŠIB en-nam-a-šùr DUMU me-na-a KIŠIB i-dí-a-bi-im ša ḫu-bu-ul i-dí-a-bi₄-im 13.3333 ma-na KÙ.BABBAR ṣa-ru-pu-um u₄-mu-šu ma-al-ú ša a-mur-IŠTAR,"Seal of Aššur-emūqī, seal of Ennam-Aššur s. of Menaya, seal of Iddin-abum. Concerning Iddin-abum's debt of 13.3333 minas of refined silver. His term has expired. Concerning Amur-Ištar.","Seal of Aššur-emūqi, seal of Ennam-Aššur son of Menaya, seal of Iddin-abum. Concerning Iddin-abum's debt. 13.3333 minas of refined silver, his terms are exceeded.",5,KIŠIB a-šur-e-mu-qí KIŠIB en-nam-a-šur KIŠIB a-šur-e-mu-qí ša be-lúm-ba-ni KIŠIB en-nam-a-šur KIŠIB me-na-a KIŠIB i-dí-a-bi₄-im ša ḫu-bu-ul i-dí-a-bi₄-im 13.3333 ma-na KÙ.BABBAR ṣa-ru-pá-am <gap> u₄-mu-šu ma-al-ú ša a-mur-IŠTAR,77.73415357029208,187,260
04810846-95dd-4ff0-bd99-33a1da243065,a-na en-um-a-šur ù SIG₅-pí-a-šur a-na SIG₅-pí-a-šur qí-bi-ma um-ma ša-ta-na-ma 10 GÍN KÙ.BABBAR ṣa-ru-pá-am a-na ší-a-ma-tim a-dí-na-kum 3 ša-lá-ší-šu qá-dum ša ḫa-ra-an a-lim{ki} ḫa-ra-nam ú-qá a-ma-kam KÙ.BABBAR ú ší-a-ma-tí-šu a-na en-um-a-šur šu-qúl,To Ennam-Aššur and Damiq-pī-Aššur; specifically to Damiq-pī-Aššur from Šāt-Anna: I gave you 10 shekels of refined silver for purchases. Three times I waited for the caravan together with those on the road to the City. Pay the silver or the goods bought with it there to Ennam-Aššur.,"To Ennam-Aššur and Damiq-pī-Aššur; specifically to Damiq-pī-Aššur from Šāt-Anna: I gave you 10 shekels of refined silver for purchases. I will conduct 3 pairs of packets, including those from those from the City trip. Pay the silver and the purchases to Ennam-Aššur.",3,a-na en-um-a-šur ù SIG₅-pí-a-šur a-na SIG₅-pí-a-šur qí-bi-ma um-ma ša-ta-na-ma 10 GÍN KÙ.BABBAR ṣa-ru-pá-am a-na ší-a-ma-tim a-dí-na-kum a-na 3 ší-ni-šu ILLAT iš-tí ša i-ḫa-ra-ni a-na a-lim{ki} aq-bi₄ KÙ.BABBAR ù lu-qú-tám ša a-ma-kam a-na en-um-a-šur šu-qú-ul,73.21556704417553,295,298
4633e49c-6469-4b90-a381-a9853f1c0b9f,<gap> ú-ṣa-áb ITU.KAM qá-ra-a-tim li-mu-um bu-zu-zu 20 ma-na KÙ.BABBAR i da-na-ma qá-tí a-ša-kà-an IGI a-šur-GAL IGI a-šur-{d}UTU-ši IGI pí-lá-aḫ-a-šur 10 ma-na KÙ.BABBAR ṣa-ru-pu-um iš-tí PUZUR₄-a-na ni-a-im iš-tù-i-ša-qal ḫa-mu-uš-tim ša a-šur-ta-ak-lá-ku ù kà-sí-a a-na 30 ḫa-am-ša-tim šu-ma lá iš-qúl 0.5 GÍN.TA i-na ITU.KAM a-na 1 ma-na-im ṣí-ib-tám ú-ṣa-áb ITU.KAM té-i-na-tim li-mu-um a-mur-a-šur IGI PUZUR₄-{d}IM DUMU i-dí-IŠTAR IGI du-um-qá-a DUMU kur-ub-a-a <gap> mu-ḫu-ur-šu <gap> a-ṣé-er KÙ.BABBAR <gap> a-šur-ta-ak-lá-ku <gap> ak-lá-ku <gap>,"<gap> month Qarra'ātum, eponymy Buzuzu. He will give me 20 minas of silver and I shall lay claim to that. Witnessed by Aššur-rabi, by Aššur-šamšī, by Pilah-Aššur. 10 minas of refined silver is owed by our own Puzur-Anna. Reckoned from the week of Aššur-taklāku and Kasiya he is to pay in 30 weeks. If he has not paid (in time), he will add interest at the rate 1.5 shekel per month per mina. Month Te'inātum, eponymy Amur-Aššur son of Karriya. Witnessed by Puzur-Adad son of Iddin-Ištar, by Dumqaya son of Kurub-Ištar. <gap> receive <gap> on to of the silver <gap> Aššur-taklāku <gap>","<gap> month Qarra'ātum, eponymy Buzuzu. He will give me 20 minas of silver and I shall lay claim to that. Witnessed by Aššur-rabi, by Aššur-šamšī, by Pilah-Aššur. 10 minas of refined silver is owed by our own Puzur-Anna. Reckoned from the week of Aššur-taklāku and Kasiya he will pay in 30 weeks. If he has not paid he will add interest at the rate 0.5 shekel per month per mina. Month Te'inātum, eponymy Amur-Aššur, by Puzur-Adad son of Iddin-Aššur. Witnessed by Puzur-Adad son of Iddin-Ašš",9,<gap> ITU.KAM qá-ra-a-tim li-mu-um bu-zu-zu 20 ma-na KÙ.BABBAR i-da-nam-ma i-na ša-qá-lam a-ša-qal IGI a-šur-GAL IGI a-šur-{d}UTU-ši IGI pí-lá-aḫ-a-šur 10 ma-na KÙ.BABBAR ṣa-ru-pá-am i li-bi PUZUR₄-a-na ni-a-im iš-tù ḫa-mu-uš-tim ša a-šur-ta-ak-lá-ku ù kà-sí-a a-na 30 ḫa-am-ša-tim i-ša-qal šu-ma lá iš-qú-ul 1.5 GÍN.TA i-na ITU.KAM a-na ma-na-im ú-ṣa-áb ITU.1.KAM té-i-na-tim li-mu-um a-mur-a-šur DUMU kà-ri-a IGI PUZUR₄-{d}IM DUMU i-dí-IŠTAR IGI dum-qá-a DUMU kur-ub-IŠTAR <gap> i-na KÙ.BABBAR <gap> a-šur-ta-ak-lá-ku <gap>,74.13630337715108,624,580
095aba0d-c812-48a0-bccf-a60f64593b0f,ra-bi-ṣa-am ša a-na ṣé-er i-tur₄-DINGIR ta-ḫa-za-ni i-na ṭup-pì-im ša a-lim{ki} šu-a-tí-ma šu-um-šu wa-dí šu-ma ra-bi-ṣú-um i-ta-ṣa-am ṭup-pé-e a-na ba-tí-qí-im DUMU um-me-a-ni ke-nim,"The attorney whom you will contract against Itūr-ilī - indicate his name in the tablet from the City. If the attorney has already left, (give) the tablets to an express transport, a reliable affiliated trader. Here I am ready to pay every shekel of silver and satisfy him, even if I must turn to merchants regarding the silver (to borrow it), so do go to the City together with the merchant of my father and get hold of a tablet concerning the corresponding amount and <gap> a tablet from the City <gap>","The attorney whom you will contract against Itūr-ilī - indicate his name in the tablet from the City. If the attorney has left, then give the tablets to an express transport for an affiliated trader.",3,ra-bi-ṣú-um ša a-na i-tur₄-DINGIR tù-ra-dí-ú i-na ṭup-pì-im ša a-lim{ki} šu-um-šu wa-dí šu-ma ra-bi-ṣú-um i-ta-ṣa-am ṭup-pè a-na ba-áb ḫa-ra-nim DUMU um-me-a-nim ke-nim a-na-kam KÙ.BABBAR 1 GÍN a-ša-qá-lá-ma ú-ša-áš-qí-il₅-šu šu-ma a-dí DAM.GÀR a-šu-mì KÙ.BABBAR a-ša-qá-lá-ni iš-tí DAM.GÀR a-bi-a a-li-kam-ma ṭup-pá-am ša me-eḫ-ri-im le-qé-a-ma <gap> ṭup-pá-am ša a-lim{ki} <gap>,57.89510048373583,213,444
45e8d7f5-03bb-4f77-b610-fb5b485cfc6b,um-ma i-na-a-ma a-na a-šur-DU₁₀ ú MAN-a-šur qí-bi-ma a-na-kam ru-ba-um ù ru-ba-tum a-na ḫa-ra-na-tim ša pá-zu-ur-tim iš-pu-ru-ma um-ma šu-nu-ma ša i ma-tim TÚG.ḪI.A ù AN.NA na-áš-ú ma ta-ma ra ni ṣa-áb-ta-ma AN.NA ú TÚG.ḪI.A a-tù-nu kà-i-lá-ma ra-ga am i-a-tí ri-id-a-am ú a-na ša ḫa-ra-an sú-ki-nim iš-ta-áp-ru a-pu-tum AN.NA ù TÚG.ḪI.A lá tù-pá-za-ra ú a-na ḫa-ra-an sú-ki-nim mì-ma lá ta-ša-kà-na a-pu-tum a-wa-tum da-na-at mì-ma e šé-bi₄-lá-ma li-ba-ak-nu e im-ra-aṣ ṭup-pá-am ší-ta-me-šu-ma a-na a-šur-DU₁₀ šé-bi₄-il₅-šu,"From Innaya to Aššur-ṭāb and Puzur-Aššur: The king and queen here have written to the road-guards concerning smuggling, saying: Seize anyone you observe carrying textiles and tin in the land, and then withhold the tin and textiles and lead the criminal to me."" Also, they have written to the Narrow Track. Urgent, do not smuggle tin and textiles and do not commit anything to the Narrow Track. Urgent, the orders are strict. Do not send anything lest you be sorry. Let him hear the letter and send it to Aššur- ṭāb.""","From Innaya to Aššur-ṭāb and Puzur-Aššur: The king and queen here have written to the caravan concerning smuggling, saying: Seize every shekel of tin and tin in the hands of the tin and textiles, and then take care to keep the tin and textiles and bring it to me."" Also, they have written to the caravan of Sukkallim. Urgent, do not smuggle tin and textiles and do not smuggle anything to the caravan of Sukkallim. Urgent, do not smuggle tin and textiles and do not send anything to the caravan of Sukkal",5,um-ma i-na-a-ma a-na a-šur-DU₁₀ ù PUZUR₄-a-šur qí-bi-ma a-na-kam ru-ba-um ù ru-ba-um a-na ša pá-zu-ur-tim ša pá-zu-ur-tim iš-pu-ru-ma um-ma šu-nu-ma ša i-na ma-at TÚG.ḪI.A ù AN.NA ta-na-ṣú-ru ṣa-áb-ta-ma AN.NA ù TÚG.ḪI.A kà-i-lá-ma ra-bi-ṣú-am ra-dí-am ù a-na ḫa-ra-nim sú-ki-nim iš-pu-ru a-pu-tum AN.NA ù TÚG.ḪI.A lá tù-pá-ḫi-ra-ma a-na ḫa-ra-nim mì-ma lá tù-šar a-pu-tum a-wa-tum da-na-at Mì-ma lá tù-šé-bi₄-lam i-ḫi-id ṭup-pá-am li-iš-me-ma a-ṣé-er a-šur-DU₁₀ ṭù-ur-da-nim,60.04307927910529,607,557
2ab54625-1599-4175-ae15-6cdd90b0d960,<gap> a-lim <gap> be-lá-nim <gap> KIŠIB a-ta-ta <gap> GÍN KÙ.BABBAR SAḪAR.BA i-ṣé-er DUMU a-šur-{d}UTU-ši DAM.GÀR i-šu iš-tù ITU.KAM ḫu-bur a-na ITU-<gap>-KAM i-ša-qal šu-ma lá iš-qúl ki-ma a-wa-at kà-ri-im ṣí-ib-tám ú-ṣa-áb wa-bi-il₅ ṭup-pí-im šu-ut DAM.GÀR li-mu-um a-šùr-mì-ti DUMU i-dí-IŠTAR KIŠIB en-um-a-šùr DUMU a-ba-<gap> KIŠIB <gap> DUMU a-mur-IŠTAR KIŠIB a-bi-a-a DUMU ú-zu-a 0.3333 ma-na 5 GÍN KÙ.BABBAR SAḪAR.BA be-ú-lá-at ku-li-ia DUMU a-lá-bi₄-im a-bi-a-a DUMU ú-zu-a ú-kà-al iš-tí KÙ.BABBAR uk-ta-al šu-ma a-e-ma ú-da-pì-ir-ma ag-ra-am ú-ga-ar-ma ig-re ag-ri-im ú-ma-lá <gap>,"<gap>-ālim <gap>Bēlānum <gap> sea of Atata <gap> shekels of 'dust silver' <gap>, son of Aššur-šamšī, owes to the creditor. From month VI he will pay in <gap> months. If he does not pay he will add interest in accordance with the rule of the . The bearer of the tablet is the creditor. Eponymy of Aššur-imittī, son of Iddin-Ištar. Seal of Ennum-Aššur, son of Aba<gap>, seal of <gap>, son of Amur-Ištar, seal of Abiaya son of Uzua. 0.3333 mina 5 shekels of 'dust silver' the capital of Kuliya, son of Ali-abum, Abiaya, son of Uzua, has in possession, he is held by the silver. If he goes away to somewhere else, I will hire a hireling and he will compensate the wages of the hireling.","<gap>-ālim <gap>Bēlānum <gap> seal of Atata <gap> shekels of 'dust silver', son of Aššur-šamšī, owes to the creditor. From month V he will pay in <gap> months. If he does not pay he will add interest in accordance with the rule of the colony. The bearer of the tablet is the creditor. Eponymy of Aššur-imittī, son of Iddin-Ištar. Seal of Ennam-Aššur, son of Aba<gap>, seal of <gap>, son of Amur-Ištar, seal of Abiaya son of Uzua. 25 shekels of 'dust silver', the creditor, owes to Ennam-Aššur,",8,<gap> a-lim <gap> be-lá-nim <gap> KIŠIB a-ta-ta <gap> GÍN KÙ.BABBAR SAḪAR.BA i-ṣé-er DUMU a-šur-{d}UTU-ši DAM.GÀR i-šu iš-tù ITU.1.KAM ku-zal-li a-na <gap> ITU.KAM i-ša-qal šu-ma lá iš-qú-ul ki-ma a-wa-at kà-ri-im ṣí-ib-tám ú-ṣa-áb a-wi-il₅ ṭup-pí-im DAM.GÀR LUGAL-mì-tí DUMU i-dí-IŠTAR li-mu-um a-šur-i-mì-tí DUMU i-dí-IŠTAR KIŠIB en-um-a-šur DUMU a-ba-<gap> KIŠIB <gap> DUMU a-mur-IŠTAR KIŠIB a-bi-a-a DUMU ú-zu-a 0.3333 ma-na 5 GÍN KÙ.BABBAR SAḪAR.BA ší-im ku-li-a DUMU a-lá-bi₄-im a-bi-a-a DUMU ú-zu-a i-na li-bi₄ KÙ.BABBAR uk-ta-al šu-ma a-šar-ma-am i-ta-lá-ak ig-ri-im a-ga-am-ra-ma ig-ri ig-ri-im i-ma-lá,77.04444795578236,661,678
b2a35edb-8f41-4666-b6ff-8e1aa4c1822c,a-na šu-ta-mu-zi e-lá-a a-ba-ba ù lá-ma-sí qí-bi-ma um-ma a-dí-da ù a-lá-ḫu-um-ma KIŠIB ma-ma-ḫi-ir DUMU a-mur-IŠTAR KIŠIB en-na-sú-in DUMU i-dí-a-bi₄-im 18.6666 GÍN 15 ŠE a-ni-qí ša a-mu-tim i-tur₄-DINGIR a-na en-um-a-šur i-dí-in eq-lam a-na-num ù a-lá-num a-šu-mì en-um-a-šur-ma e-tí-iq a-mu-tám i-da-ma 22.5 ma-na KÙ.BABBAR ša lá-qé-ep a-na <gap> tám-kà-ru-um a-mu-tum i-na-dí-in-ma 22.5 ma-na KÙ BABBAR en-um-a-šur i-lá-qé-ma ší-tí KÙ.BABBAR-pì-im i-tur₄-DINGIR i-lá-qé šu-ma a-mu-tám lá i-tí-dí-in a-mu-tám en-um-a-šur a-na i-tur₄-DINGIR ú-ta-ar-ma KÙ.BABBAR-šu i-tur₄-DINGIR a-na en-um-a-šur i-ša-qal 0.3333 ma-na ší-kà-tám ù 2 ku-ta-ni dam-qú-tim i-tur₄-DINGIR a-na en-um-a-šur a ší-a-ma-tim i-dí-in a-na-num ù a-lá-num eq-lam a-šu-mì i-tur₄-DINGIR e-tí-iq a ma-lá ṭup-pì-im ḫa-ar-mì-im ša ú-kà-lu a-ma <gap>,"To Šu-Tammuzi, Elaya, Abada and Lamassī from Adida and Ali-ahum: Under the seal of Man-mahir son of Amur-Ištar (and) Enna-Suen son of Iddin-abum Itūr-ilī gave 18.6666 shekels 15 grains in the form of rings of iron to Ennam-Aššur. From here and from there it will pass overland in the name of Ennam-Aššur. He shall sell the iron and for the 22.5 minas of silver that Lā-qēp (owes to a merchant, the name of the merchant has been announced: Ennam-Aššur is the merchant.) The iron will be sold and Ennam-Aššur will recieve 22.5 minas of silver, and then Itūr-ilī will recieve the rest of the silver. If he has not sold the iron Ennam-Aššur will return the iron to Itūr-ilī and Itūr-ilī will pay silver for it to Ennam-Aššur. Itūr-ilī gave 0.3333 mina of beads(?) plus 2 good to Ennam-Aššur for purchases. From here and from there it will pass overland in the name of Itūr-Ilī. In accordance with the certified tablet that I hold <gap>","To Šu-Tammuzi, Elaya, Abada and Lamassī from Adida and Ali-ahum: Seal of Man-mahir son of Amur-Ištar, seal of Enna-Suen son of Iddin-abum. 18.6666 shekels 15 grains of iron Itūr-ilī gave to Ennam-Aššur. He will go overland here and here in the name of Ennam-Aššur. He will sell the iron and the 22.5 minas of silver belonging to Lā-qēp for <gap> a merchant. The iron will be sold and Ennam-Aššur will receive 22.5 minas of silver, and Ennam-Aššur will receive the 22.5 minas of silver, and the pr",7,a-na šu-ta-mu-zi e-lá-a a-ba-da ù lá-ma-sí qí-bi-ma um-ma a-dí-da ù a-lá-ḫu-um-ma KIŠIB ma-ma-ḫi-ir DUMU a-mur-IŠTAR en-na-sú-in DUMU i-dí-a-bi₄-im 18.6666 GÍN 15 ŠE a-ni-qá-tim ša a-mu-tim i-tur₄-DINGIR a-na en-um-a-šur i-dí-in iš-tù a-na-kam ù a-na-kam GÁN-lam a-šu-mì en-um-a-šur e-tí-iq a-mu-tám i-da-an-ma 22.5 ma-na KÙ.BABBAR ša lá-qé-ep a-na tám-kà-ri-im i-šu-ú šu-mì tám-kà-ru-um i-ta-ad-mì-iq-ma 22.5 ma-na KÙ.BABBAR en-um-a-šur i-lá-qé-ma ù ší-tí KÙ.BABBAR i-tur₄-DINGIR i-lá-qé šu-ma a-mu-tám en-um-a-šur lá i-dí-nu a-mu-tám a-na i-tur₄-DINGIR ú-ta-e-ra-ma KÙ.BABBAR i-tur₄-DINGIR a-na en-um-a-šur i-ša-qal 0.3333 ma-na ḫi-dim ù 2 ší-ni-šu i-tur₄-DINGIR a-na en-um-a-šur a-na ší-a-ma-tim ta-dí-in iš-tù a-na-kam ù a-na-kam GÁN-lam a-šu-mì i-tur₄-DINGIR e-tí-iq a ma-lá ṭup-pí-im ḫa-ru-mu-tim ša ú-kà-lu <gap>,75.75354045982891,915,925
41debbf3-3b25-4c4c-afdc-4ca1f1ec426c,KIŠIB ú-ra-a-a DUMU ma-na-na KIŠIB {d}MAR.TU-ba-ni DUMU ma-na-na a-na a-wa-tim a-ni-a-tim kà-ru-um kà-ni-iš-ki i-dí-ni-a-tí-ma IGI GÍR ša a-šùr ší-bu-tí-ni ni-dí-in bu-zu-ta-a ša-li-iš-ni,"Seal of Uraya son of Manana, seal of Amurrum-bāni son of Manana. The Kanesh colony gave us for these proceedings and we gave our testimony before Aššur's dagger. Buzutaya was our third man. ","Seal of Uraya son of Manana, seal of Amurrum-bāni son of Manana. The Kanesh colony gave us for these proceedings and we gave our testimony before Aššur's dagger. Buzutaya was our third man.",3,KIŠIB ú-ra-a DUMU ma-na-na KIŠIB {d}MAR.TU-ba-ni DUMU ma-na-na a-na a-wa-tim a-ni-a-tim kà-ru-um kà-ni-iš i-dí-ni-a-tí-ma IGI GÍR ša a-šùr ší-bu-tí-ni ni-dí-in bu-zu-ta-a ša-li-iš-ni,93.40033982224402,205,200
16cef975-beef-47dc-972d-e7364c3701b5,a-na ì-lí-ba-ni ù ku-li-a a-na ì-lí-ba-ni qí-bi-ma um-ma a-šùr-e-nam-ma 0.8333 ma-na KÙ.BABBAR i-na ša-lá-tí-wa-ar ku-li-a ku-nu-ki-šu i-dí-nam a-na wa-aḫ-šu-ša-na a-na ṣé-ri-kà ub-lam-ma um-ma a-na-ku-ma KÙ.BABBAR le-qé-ma ša-du-a-tám ša a-šu-mì ku-li-a ša ta-pu-lu šu-qú-ul um-ma a-ta-ma ke-na KÙ.BABBAR a-pu-ul ku-nu-ki ša a-ḫi-kà IGI a-šùr-lá-ma-sí DUMU a-šur-ma-lik ù šu-iš-ḫa-ra DUMU i-na-sú-in li-me-e áp-qí-da-kum mì-nam a bé-et a-bi-a al-qé-ma a-ḫu-kà i-tù-ra-am i-na al tí-im-ni-e IGI ú-zu-a DUMU ku-ku-lá-nim ù i-na-sú-en₆ DUMU i-dí-a-bi₄-im ta-aṣ-bi₄-tí-ma um-ma a-ta-ma i-nu-mì KÙ.BABBAR ku-nu-ki ša a-ḫi-a ta-dí-na-ni ma-nu-um li-mu-um um-ma a-na-ku-ma lá a-šùr-lá-ma-sí ú šu-iš-ḫa-ra li-mu-ú ù ma-aḫ-ri-šu-nu-ma KÙ.BABBAR ku-nu-ki ša a-ḫi-a áp-qí-da-kum,"To Ilī-bāni and Kuliya, to Ilī-bāni in particular say, this is what Aššur-ennam says: In Šalatiwar Kuliya gave me 0.8333 mina of silver under his seal. I brought it to Wahšušana to you and I said to you: Take this silver and pay (with it) the -tax on behalf of Kuliya, as you promised."" You answered: ""Indeed, I did promise to pay the silver."" In the presence of Aššur-lamassī, son of Aššur-mālik, and Šū-Išhara, son of Enna-Suen, the <gap>, I entrusted it to you under the seals of your brother. What did my paternal house that your brother came back on me? In Al-Timniyē, in the presence of Uzua, son of Kukulānum and Enna-Suen, son of Iddin-abum, you seized me, saying: ""When you gave me the silver with my brother's seal, who was then m?"" I answered: ""Were Aššur-lamassī and Šu-Išhara not ? And it was in their presence that I entrusted you the silver with my brother's seals.""""","To Ilī-bāni and Kuliya; specifically to Ilī-bāni from Aššur-ennam: In Šalatiwar Kuliya gave me 0.8333 mina of silver under his seal. I brought it to Wahšušana to you and I said: Take the silver and pay the transport fee for Kuliya that you promised."" You answered: ""True, I promised to pay the silver."" In the presence of Aššur-lamassī son of Aššur-mālik and Šu-Išhara son of Ennam-Suen, the eponyms, I entrusted it to you under the seals of your brother. Why have you promised t",5,a-na ì-lí-ba-ni ù ku-li-a a-na ì-lí-ba-ni qí-bi-ma um-ma a-šur-e-nam-ma 0.8333 ma-na KÙ.BABBAR i-na ša-lá-tí-wa-ar ku-li-a ku-nu-ki-šu i-dí-nam a-na wa-aḫ-šu-ša-na a-ṣé-ri-kà ub-lá-kum-ma um-ma a-na-ku-ma KÙ.BABBAR a-nim le-qé-ma ša-du-a-tám a-šu-mì ku-li-a ša ta-pu-lu šu-qú-ul um-ma a-ta-ma ke-na KÙ.BABBAR a-pu-ul IGI a-šur-lá-ma-sí DUMU a-šur-ma-lik ù šu-iš-ḫa-ra DUMU en-na-sú-in li-me-e ku-nu-ki ša a-ḫi-kà áp-qí-da-kum mì-šu É a-bi₄-a ša a-ḫu-um tù-uš-té-li-am i-na al-tí-im-ni-i IGI ú-zu-a DUMU ku-ku-lá-nim ù en-na-sú-in DUMU i-dí-a-bi₄-im ta-aṣ-ba-at-ni-a-tí um-ma a-ta-ma i-nu-mì KÙ.BABBAR ša ku-nu-ki ša a-ḫi-a ta-dí-na-ni a-ma-kam a-šur-lá-ma-sí ù šu-iš-ḫa-ra lá i-mu-ú-ni um-ma a-na-ku-ma a-šur-lá-ma-sí ù šu-iš-ḫa-ra lá i-mu-ú-ni ù i-na ma-aḫ-ri-šu-nu KÙ.BABBAR i-na ku-nu-ki ša a-ḫi-a áp-qí-da-kum,77.74000387590196,867,920
88a16360-203b-4433-a7de-00ff8c3d7880,e-lá-ma ú ga-al-dá-a ni-kà-sí i-sí-ú-ma lu ú-ku-ul-tù-šu lu ga-am-ru-um ša ḫa-ra-nim mì-ma šu-um-šu ba-tí-iq 1 ma-na KÙ.BABBAR ṣa-ru-pá-am i-ṣé-er ga-al-dá-a e-lá-ma i-šu iš-tù ḫa-mu-uš-tim ša am-ri-a ù i-ku-nim 1.5 GÍN.TA i-na ITU.KAM-im a-na 1 ma-na-im ú-ṣa-áb ITU.KAM ṣí-ip-im li-mu-um a-bi-a DUMU šu-da-ga-an a-na a-wa-tim a-ni-a-tim ni-iš a-lim{ki} it-mu-ma IGI ša-lim-{d}IŠKUR IGI lá-qé-pí-im IGI a-mur-{d}UTU IGI e-zé-e ṭup-pu-um ša bé-ú-lá-ti-šu a-ḫa-ma i-ba-ší,"Elamma and Galdaya settled accounts with the result that after both travel expenses and his food allowance have been deducted, Elamma (still) has a claim of 1 mina of refined silver on Galdaya, the son of Naku. From the week of Amriya and Ikūnum he will add 1.5 shekel per mina per month. Month VII, year-eponymy of Abiya, son of Šu-Dagan. Separately, there still exists a valid record of his working capital. We made them swear an oath by the City for these words.","Elamma and Galdaya settled accounts with the fact that both food and fodder for his trip have been deducted, and from the week of Amriya and Ikūnum he will add 1.5 shekel per month per mina. Month Ṣip'um, eponymy Abiya son of Šu-Dagan. They swore an oath by the City for these words and witnessed by Šalim-Adad, by Lā-qēpum, by Amur-Šamaš, by Ezē.",5,e-lá-ma ù ga-al-dá-a ni-kà-sí i-sí-ú-ma lu gám-ru-um ša ḫa-ra-nim lu gám-ru-um ša ú-ku-ul-tí-šu ba-tí-qú 1 ma-na KÙ.BABBAR ṣa-ru-pá-am i-ṣé-er ga-al-dá-a e-lá-ma i-šu iš-tù ḫa-mu-uš-tim ša am-ri-a ù i-ku-nim 1.5 GÍN.TA a-na ma-na-im i-na ITU.KAM ú-ṣa-áb ITU.1.KAM ṣí-ip-im li-mu-um a-bi-a DUMU šu-da-ga-an a-ḫa-ma ṭup-pu-um ḫa-ar-mu-um ša be-ú-lá-tí-šu i-ba-ší a-na a-wa-tim a-ni-a-tim ni-iš a-lim{ki} ni-it-ru-šu-nu,69.36983628173098,530,475
962fdfaf-4e96-4f2b-8f5b-09581f96f010,um-ma šu-IŠTAR-ma a-na zi-zi-zi-i ù IŠTAR-lá-ma-sí qí-bi₄-ma 10 GÍN AN.NA a-nu-pí-a na-áš-a-ku-nu-tí um-mì a-tí e-lá-nu-ki ma-ma-an lá i-šu ṣú-ùḫ-ra-am lá tù-me-sí a-ṣé-er <gap> ú a-nu-pì-a <gap> ga <gap>-zi-ik <gap> DUG ar-ša-tim li-dí-na-ki-NU-tí ú-dí a-na-ma a-na-kam ú-ša-ḫi-sú ú a-tí a-wa-tim ša nu-a-im 3 GÍN KÙ.BABBAR ša e-zi-bu KÙ.BABBAR lu a-na-ku áš-qúl lu a-bu-ša-lim iš-qúl tí-ir-ta-ku-nu li-li-kam,"From Šu-Ištar to Zizizi and Ištar-lamassī: Anupiya brings you 10 shekels of tin. My dear mother, without you I have no one. Do not let the children starve. <gap> to <gap> and Anupiya <gap> He should give you <gap> a jar of wheat. Certainly, in this way I instructed him here and as for you, in the matter of the Anatolian, send me word about the 3 shekels of silver that I left, whether I myself paid the silver or whether Abušalim paid it. ","From Šu-Ištar to Zizizi and Ištar-lamassī: Anupiya brings you 10 shekels of tin. My dear mother, Elānuki has no one. Do not approach the children. <gap> to <gap> and Anupiya <gap> He should give you <gap> a jar of wheat. Moreover, I instructed him here and for you, the 3 shekels of silver that I left, whether I myself paid the silver or Abu-šalim paid. Send me word.",5,um-ma šu-IŠTAR-ma a-na zi-zi-zi ù IŠTAR-lá-ma-sí qí-bi-ma 10 GÍN AN.NA a-nu-pí-a na-áš-a-ku-um um-ma a-ta-ma a-dí-kà ma-ma-an ú-lá i-šu a-ṣé-er ṣú-ùḫ-ri-im lá tù-ša-ar <gap> a-na <gap> ù a-nu-pí-a <gap> DUG ar-ša-tim li-dí-na-kum a-na-kam a-na-kam ú-na-ḫi-id-šu-ma a-ta a-wa-tim ša nu-a-im 3 GÍN KÙ.BABBAR ša e-zi-bu lu a-na-ku KÙ.BABBAR áš-qúl lu a-bu-ša-lim iš-qú-ul tí-ir-ta-kà li-li-kam,65.68487071603178,467,439
e5dfcb1f-ba82-455a-86d4-cc0d7adc783c,KIŠIB lá-ba-na-da DUMU i-dí-sú-in KIŠIB na-áb-sú-en₆ DUMU šu-be-lim KIŠIB i-dí-IŠTAR DUMU i-dí-a-bi₄-im a-na a-wa-tim a-ni-a-tim kà-ru-um dur₄-ḫu-mì-it i-dí-ni-a-tí-ma IGI GÍR ša a-šùr ší-bu-tí-ni ni-dí-in ṭup-pu-um a-šu-mì ku-uk-ra ša DUMU zu-za-nim,"Seal of Labān-nādā, son of Iddin-Suen, seal of Nabi-Suen, son of Šu-Bēlum. seal of Iddin-Ištar, son of Iddin-abum seal of Puzur-Ištar, son of Dān-Aššur. For these words the Durhumit colony made us available and before Aššur's dagger we gave our testimony. A record concerning Kukra of the son of Zuzānum.","Seal of Labān-nādā son of Iddin-Suen, seal of Nabi-Suen son of Šu-Bēlum, seal of Iddin-Ištar son of Iddin-abum. The Durhumit colony gave us for these proceedings and we gave our testimony before Aššur's dagger. A tablet concerning Kukra of the son of Zuzānum.",4,KIŠIB lá-ba-na-da DUMU i-dí-sú-en₆ KIŠIB na-áb-sú-en₆ DUMU šu-be-lim KIŠIB i-dí-IŠTAR DUMU i-dí-a-bi-im KIŠIB PUZUR₄.IŠTAR DUMU dan-a-šur a-na a-wa-tim a-ni-a-tim kà-ru-um dur₄-ḫu-mì-it i-dí-ni-a-tí-ma IGI GÍR ša a-šùr ší-bu-tí-ni ni-dí-in ṭup-pu-um ša ku-uk-ra ša DUMU zu-za-nim,88.09006782281116,287,320
47aa6127-6890-48d1-b9e3-bfe77a19a114,10.1666 GÍN KÙ.BABBAR a-na e-me-er-tim 3 GÍN KÙ.BABBAR a-na ša-at-ì-lí ù na-ḫi-iš-tim 3 GÍN KÙ.BABBAR a-na ḫa-tim pá-ar-ší-kam a-na be-lá-sú-nu na-aḫ-lá-áp-tám a-na lá-ma-sí mì-ma a-nim a-na a-šur-ma-lik DUMU ú-sá-ri-a a-dí-in 2 GÍN KÙ.BABBAR a-na ni-qé IGI ku-bi-a IGI a-šur-pí-lá-aḫ DUMU a-mur-a-šur ṣú-ba-tám a-na wa-ar-da-nim šé-né-en a-na ú-ṣú-ur-ša-a-šur 3 GÍN KÙ.BABBAR a-na a-mur-a-šur ù e-me-er-tim 1.5 GÍN KÙ.BABBAR a-na ni-qé-šu mì-ma a-nim a-na en-um-a-šur DUMU ku-ku-ra-nim a-dí-in IGI kàr-ri-a ša É sú-kà-li-a,10.1666 shekels of silver for Emmertum; 3 shekels of silver for Šāt-ilī and Nahištum; 3 shekels of silver for hattum; a sash for Bēlassunu; a dress for Lamassī - all this I gave to Aššur-malik son of Usāriya. 2 shekels of silver for sacrifices. Witnessed by Kūbiya (and) Aššur-pilah son of Amur-Aššur. A textile for Wardānum; shoes for Uṣur-ša-Aššur; 3 shekels of silver for Amur-Aššur and Emmertum; 1.5 shekel of silver for his sacrifice - all this I gave to Ennam-Aššur son of Kurkurānum. Witnessed by Karriya from the family of Sukkalliya.,"10.1666 shekels of silver for Emmertum; 3 shekels of silver for Šāt-ilī and Nahištum; 3 shekels of silver for hattum; a scarf for Bēlassunu; a scarf for Lamassī - all this I gave to Aššur-malik son of Usāriya. 2 shekels of silver for sacrifices. Witnessed by Kūbiya, by Aššur-pilah son of Amur-Aššur. A textile for Wardānum; shoes for Uṣur-ša-Aššur; 3 shekels of silver for Amur-Aššur and Emmertum; 1.5 shekel of silver for his sacrifice - all this I gave to Aššur-malik son of Usāriya.",5,10.1666 GÍN KÙ.BABBAR a-na e-me-er-tim 3 GÍN KÙ.BABBAR a-na ša-at-ì-lí ù na-ḫi-iš-tim 3 GÍN KÙ.BABBAR a-na ḫa-tim pá-zu-ur-tám a-na be-lá-sú-nu pá-zu-ur-tám a-na lá-ma-sí mì-ma a-nim a-na a-šùr-ma-lik DUMU ú-sà-ri-a a-dí-in 2 GÍN KÙ.BABBAR a-na ni-qé IGI ku-bi-a a-šur-pí-lá-aḫ DUMU a-mur-a-šur TÚG a-na wa-ar-da-nim šé-né-en a-na ú-ṣur-ša-a-šur 3 GÍN KÙ.BABBAR a-na a-mur-a-šur ù e-me-er-tim 1.5 GÍN KÙ.BABBAR a-na ni-qé-šu mì-ma a-nim a-na en-um-a-šur DUMU kur-ku-ra-nim a-dí-in IGI kà-ri-a ša a-we-el-tim ša sú-kà-li-a,85.69496093055761,593,584
4780f8e1-2abb-4ce1-9f17-a6b21ba8819c,um-ma a-mur-IŠTAR-ma a-na ku-li-a qí-bí-ma a-dí ma-lá ú ší-ni-šu a-šu-mì {d}MAR.TU-ba-ni pá-ší-ri-a a-ša ší-im TÚG.ḪI-tí-a áš-pu-ra-kum a-ta mì-ma-ša-ma úz-ni lá ta-pá-té a-na-ku a-na-kam a-na ku-a-tim na-aḫ-da-ku a-ta u₄-ma-kál ḫu-ša-ḫa-ka lá té-zi-ib-ma a-na i-a-tim lá ta-na-ḫi-id ak <gap> KÙ.BABBAR ší-im <gap> lu a-šur-e-nam <gap> šál-ma-a-šur <gap> lu {d}MAR.TU-ba-ni <gap> KÙ.BABBAR ša-áš-qí-il₅-ma ú {d}MAR.TU-ba-ni ṭur₄-dam šu-ma KÙ.BABBAR-pì i-ma-šu-ḫu té-er-ta-kà li-li-kam-ma úz-ni pí-tí 1 ma-na KÙ.BABBAR a-šùr-ba-ni DUMU i-dí-a-bi-im ḫa-bu-lam KÙ.BABBAR ša-áš-qí-il₅ šu-ma šé-bi₄-lam 1 ma-na KÙ.BABBAR i li-bi a-šùr-e-nam DUMU <gap>-mì-ma i li-bi-šu i-šu-ú {d}UTU-e-nam ṣú-ḫa-ri-im ša a-šùr-e-nam ù ša i li-bi šál-ma-a-šùr ša-áš-qí-il₅-šu-nu,"Thus Amur-Istar, to Kuliya: ""Several times I wrote you concerning my retailer Amurrum-bani because of the price of my textiles, but you have never sent me any information! I here have concern for your interests, but you have never, not even for a single day, sacrificed your own interests to care for mine! <gap> silver, the price paid for my textiles, make both Assur-ennam <gap> Salim-Assur <gap> and Amurrum-bani pay that silver and send Amurrum-bani to me. Send me a message if they try to rob me of my silver and keep me informed. Assur-bani, son of Iddin-abum, owes me 1 mina of silver, make him pay and send it to me. One mina of silver is owed by Assur-ennam, son of <gap>, whatever is owed to me by him, by Samas-ennam, the servant of Assur-ennam, and what is owed by Salim-Assur, make them pay!"".","From Amur-Ištar to Kuliya: Once or twice I have written you because of my retailer Amurrum-bāni concerning the price of my textiles, but you have not indicated any information. I am alone here for you, but you have not left a single day you left your depression and do not obstruct me. <gap> the silver, the price of <gap> both Aššur-ennam <gap> Šalim-Aššur <gap> and Amurrum-bāni should pay the silver and send Amurrum-bāni to me. Send me word about how much silver the price of my textiles and make A",6,um-ma a-mur-IŠTAR-ma a-na ku-li-a qí-bi-ma a-dí ma-lá ú ší-ni-šu a-šu-mì {d}MAR.TU-ba-ni pá-ší-ri-a a-šu-mì ší-im TÚG.ḪI-tí-a áš-pu-ra-ku-ma mì-ma tí-ir-ta-kà lá ta-áš-pu-ra-am a-na-ku a-na ṣí-ba-tí-kà a-na-kam a-ṣé-er ṣí-ba-tí-kà a-na-kam a-na-ku a-na i-a-tí na-ḫi-da-ma a-ta u₄-ma-kál ṣí-ba-tí-kà lá ta-na-ḫi-da <gap> KÙ.BABBAR ší-im TÚG-ba-tí-a lu a-šur-e-nam <gap> šál-ma-a-šur <gap> lu {d}MAR.TU-ba-ni KÙ.BABBAR ša-áš-qí-lá-ma {d}MAR.TU-ba-ni a-na ṣé-ri-a šé-bi-lá-nim šu-ma KÙ.BABBAR-pì ú-ba-áb-ni-ni tí-ir-ta-kà li-li-kam 1 ma-na KÙ.BABBAR a-šùr-ba-ni DUMU i-dí-a-bi₄-im ḫa-bu-lam ša-áš-qí-il₅-šu-ma šé-bi₄-lam 1 ma-na KÙ.BABBAR i-na li-bi₄ a-šur-e-nam DUMU <gap> ša i-na li-bi₄-a i-šu KI sà-ma-as-e-nam ṣú-ḫa-ri-im ša a-šur-e-nam ù ša i-na li-bi₄ šál-ma-a-šur ša-áš-qí-il₅,65.62133766502062,875,912
e94abaed-8ae0-4887-acf5-bace80773593,a-na a-la-ḫi-im qí-bi₄-ma um-ma ḫa-nu-ma a ma-lá tí-ir-tí-kà šu-ḫu-bu-ur ù a-na-ku ni-zi-iz-ma a-lu-lá-a ni-iṣ-ba-at-ma um-ma né-nu-ma KÙ.BABBAR ù ṣí-ba-tí-šu šu-qú-ul um-ma a-lu-lá-a-ma KÙ.BABBAR iš-tù ITU.1.KAM bur-sú-in ú-šé-bi₄-il₅-šu-um a-dí ta-aḫ-sí-is-tim ša tù-ša-ḫi-zi-ni a-lu-lá-a a-áš-al-šu-ma um-ma šu-ut-ma la-qé-pu-um DUMU šu-a-šur ú-kà-al-ší ù a-ḫu-wa-qar DUMU zu-ur-zu-ur a-áš-al-ma um-ma šu-ut-ma ta-aḫ-sí-is-tám ili₅-ba-ni DUMU ba-ší-li ú-kà-al-ší a-zu aṣ-ba-at-ma um-ma šu-ut-ma ki ma-ṣí lu KÙ.BABBAR lu pì-ri-kà-ni-kà 5 GÍN.TA a-lá-qé um-ma šu-ut-ma ba-áb ḫa-ra-ni-kà KÙ.BABBAR ú ṣí-ba-sú a-kà-na-kà-ma a-dí ší-li-ip-kà-im šu-kà-tám aṣ-ba-at-ma um-ma šu-ut-ma ší-li-ip-kà-um i-ba-ší a-dí-ni-ma be-lí a-ta a-ma-kam tù-na-ḫi-da-ni um-ma a-ta-ma a-na u₄-me-šu ú-šé-ra-kum u₄-ma-am ta-áš-ta-na-me ki-ma ší-mu-um kà-sú ší-mì a-da-ma a-ta-be-a-ma a-ta-lá-kam,"To Ali-ahum from hanu: In accordance with your instructions Šu-hubur and I stood up and seized Alulaya and said: Pay the silver and its interest."" Alulaya answered: ""I sent him the silver a month ago with Būr-Suen."" With respect to the memorandum that you instructed me about I questioned Alulaya, and he answered: ""Lā-qēpum son of Šu-Aššur has it."" I also questioned Ahu-waqar son of Zurzur, and he answered: ""Ilī-bāni son of Baši-ilī has the memorandum."" I seized Azu and he answered: ""I shall take enough, either in silver or from your at 5 shekels per piece."" He said further: ""At your departure I shall seal the silver and its interest""; and I seized Šukkutum about the -textile and he answered: ""The is available."" It still is, and you cautioned me there, my dear lord, saying: ""I have released them to you on terms."" Today you keep hearing that trade is at a standstill. I shall sell my goods, set out and come.""","To Ali-ahum from hanu: In accordance with your instructions Šu-hubur and I seized Alulaya and said: Pay the silver and its interest."" Alulaya answered: ""I sent him the silver a month ago with Būr-Suen."" With respect to the memorandum that you instructed me I questioned Alulaya and said: ""Lā-qēpum son of Šu-Aššur has it."" I also questioned Ahu-waqar son of Zurzur, and he answered: ""Lā-qēpum son of Šu-Aššur has it."" I also questioned Ahu-waqar son of Zurzur, and he answered: ""Lā-qēpum son of Zu",2,a-na a-lá-ḫi-im qí-bi-ma um-ma ḫa-nu-ma a ma-lá tí-ir-tí-kà šu-ḫu-bur ù a-na-ku ni-zi-iz-ma a-lu-lá-a ni-iṣ-ba-at-ma um-ma né-nu-ma KÙ.BABBAR ù ṣí-ba-sú šu-qú-ul um-ma a-lu-lá-a-ma KÙ.BABBAR iš-tù ITU.1.KAM bur-sú-in ú-šé-bi-il₅-šu-um a-dí ta-aḫ-sí-is-tim ša tù-ša-ḫi-zu-ni a-lu-lá-a a-áš-al-šu-ma um-ma šu-ut-ma lá-qé-pu-um DUMU šu-a-šur ke-na-šu ù a-ḫu-wa-qar DUMU zu-ur-zu-ur a-áš-al-šum um-ma šu-ut-ma ta-aḫ-sí-is-tám ili₅-ba-ni DUMU ba- lu-qú-tí a-da-an tí-ib-a-ma a-tal-kam,50.65720756236398,1016,551
