oare_id,src_words,tgt_words,word_ratio,gap_count,transliteration,translation
08f7b5b5-8a52-43af-a30a-ad9c11ce8de7,68,1,0.014705882352941176,0,lu-lu en-nam-a-šur ù a-bu-um-ša-lim ša ki-ma a-šùr-DU₁₀ DUMU e-lá-ma a-na a-šur-DU₁₀ DUMU a-lá-ḫi-im iṣ-bu-tù-ni-a-tí-ma um-ma šu-nu-ma ší-im 21 GÚ 9 ma-na URUDU ma-sí-im ša a-šur-DU₁₀ DUMU e-lá-ma ša i-na É-tí-kà i-ni-id-ú a-na ší-mì-im ta-dí-šu um-ma a-šur-DU₁₀-ma a-dí-šu-ma 17.8333 ma-na 2 GÍN KÙ.BABBAR ší-im-šu na-áš-a-ku eq-lam a šu-mì a-šur-DU₁₀ DUMU e-lá-ma KÙ.BABBAR e-tí-iq a-na a-wa-tim a-ni-a-tim kà-ru-um bu-ru-uš-ḫa-tum i-dí-ni-a-tí-ma ší-bu-tí-ni IGI GÍR ša a-šur ni-dí-in IGI i-ku-pì-a IGI ú-ṣú-ur-ša-a-šur,"Lullu,"
b6751766-7f8c-4cc6-89a1-64a1198cf4ca,103,8,0.07766990291262135,29,bu-<gap> a-na kur-ub-IŠTAR <gap> iṣ-bu-tù-ni-a-tí <gap> ù bi-<gap> ší-bi lá <gap> ù iš-tù <gap> ù ṣú-ḫa-ru <gap> a-na ṣé-er <gap> um-ma a-ta-ma <gap> kur-ub-IŠTAR <gap> bi šu <gap> ša a-šur <gap> a-šur ú ki-<gap>-dam ḫa-bu-lá-tí <gap> ḫa-bu-lá-tí-ni ší <gap> eq-lam a šu-mì-kà e-tí-iq DAM.GÀR-kà lu-ṭá-i-bu <gap> ša ni-iš a-lim{ki} ta-mu-ú lu ú-kà-al KÙ.BABBAR <gap> ma-la a-aḫ-šu lá i-<gap> u₄-mu lá i-ma-i-du <gap> lá i-ta-ba-al <gap> KÙ.BABBAR 1 GÚ 3 ma-na <gap> KÙ.BABBAR-áp qí-ip-tim <gap> wa-at-ra-<gap> lu-ub-lu <gap> ù ru-ba-um <gap> il₅-pu-ut a-na a-wa-tim a-ni-a-tim kà-ru-um <gap> i-dí-ni-a-tí-ma ší-bu-tí-ni ni-dí-in IGI <gap> DUMU ili₅-ba-ni IGI ili₅-<gap> ma ší-bu-tí ì-lí-dan <gap> ù id-na-a-šur DUMU sú-e-ta-ta,Bu<gap> (and) <gap> seized us against Kurub-Ištar <gap>
8eb60135-fe29-4a3b-bad6-8f629e15e0b7,62,5,0.08064516129032258,14,<gap> šu-a-<gap> um-ma <gap> en-nam-a-šur <gap> bi-ma <gap> tám-kà-ri-im <gap> ḫu-a <gap> KÙ.BABBAR IGI e-ni-iš-ta-ru-um <gap> ni AN.NA-ki <gap> ší-a-ni <gap> ma <gap> ku-un-kà-ma a-na e-ni-iš-ta-ri-im dí-na-ma iš-tí ba-tí-qí-im ša a-na pá-ni ILLAT-tim i-lá-kà-ni lá i-sà-ḫu-ur ṭù-ur-da-ni-šu a-na-kam we-da-ku a-ḫu-a a-tù-nu e-ni-iš-ta-ra-am lá i-sà-ḫu-ur ṭù-ur-da-ni-šu mì-li-ik lu-qú-tim <gap> bi-ri-im mì-il₅-kà sà-ḫe-er-tám ša 5 GÍN KÙ.BABBAR <gap> nim a-na ší-im <gap> mì-li-ik-šu-nu mì-il₅-kà,Obverse too broken for translation
efc3ed8c-e0a0-4902-8a5d-226001b68d96,69,6,0.08695652173913043,1,KIŠIB ka-ku-a DUMU i-dí-IŠTAR KIŠIB PUZUR₄-{d}IŠKUR DUMU i-dí-IŠTAR KIŠIB na-ra-am-a-šùr DUMU ì-dí-ba-ni KIŠIB ḫa-na-na DUMU DINGIR-kur-ub 0.3333 ma-na 5 GÍN KÙ.BABBAR ṣa-ru-pá-am ša ik-ri-bi ša me-er-ú DINGIR-kur-ub i-ṣé-er en-na-sú-in DUMU a-mur-{d}UTU ir-ší-ú-ni ki-ma me-er-e DINGIR-kur-ub KÙ.BABBAR ù ṣí-ba-sú ḫa-na-na ša-bu ṭup-pu-um ša 0.3333 ma-na 5 GÍN KÙ.BABBAR ša ḫu-bu-ul en-na-sú-in ša e-li-a-ni sà-ar šu-ma me-er-ú DINGIR-kur-ub a-na en-na-sú-in i-tù-ru-ú ḫa-na-na ú-ba-áb-šu KÙ.BABBAR ša IGI en-na-nim ù DUMU <gap> i-dí-nu-šu-ni,"Seal of Kakua, son of Iddin-Ištar"
2df72c22-1bb1-4032-8f17-68a82a56db01,97,10,0.10309278350515463,0,25 TÚG i-nu-mì ru-ba-um a-na ḫa-na-ak-na-ak i-li-ku a-dí-i 10 TÚG i-na 1 me-at 70 TÚG ša né-eš-tap-ku a-dí 18 TÚG ILLAT PUZUR₄.DINGIR DUMU sà-ba-sí-a ad-ma-ku 23 TÚG ILLAT i-ku-nim DUMU DINGIR.ILLAT ad-ma-ku 6 TÚG ILLAT šu-ku-bi₄-im DUMU bu-zi ad-ma-ku 1 TÚG ILLAT DUMU ba-sà-a ad-ma-ku 1 TÚG SIG₅ ILLAT a-ku-tim ad-ma-ku 1 TÚG SIG₅ ša en-um-a-šùr 1 TÚG i-a-um ILLAT a-ku-tim ad-ma-ku 6 TÚG i-a-ú-tim 3 TÚG ša e-lá-lí ILLAT e-lá-lí ad-ma-ku ŠU.NÍGIN 95 TÚG.ḪI.A i-na É.GAL-lim na-du me-eš-lí-a al-qé me-eš-lu-a a-ḫu-ru 12 TÚG i-a-ú-tum 3 TÚG ša a-mur-IŠTAR ILLAT sú-kà-lí-a DUMU me-na-nim ad-ma-ku mì-ma ú-lá al-qé,I deposited 25 textiles when the king went to hanaknak.
5962bdb0-7f70-48ab-872b-d54c47393987,122,13,0.10655737704918032,5,10 ma-na KÙ.BABBAR qá-dum ṣí-ba-tí-šu iš-tí en-na-sú-in ni-a-im il₅-qé 5 ma-na KÙ.BABBAR iš-tí a-mur-{d}UTU ša kà-tí-lá il₅-qé 6.6666 ma-na 5 GÍN KÙ.BABBAR ù ṣí-ba-tí-šu i-tù-um-li-a ša iš-tù MU.6.ŠÈ il₅-ta-qé-ú 1 ma-na KÙ.BABBAR iš-tí iš-pu-na-aḫ-šu <gap> 20 na-ru-uq <gap> i-na ša-tim <gap> ṣí-ib-tám il₅-qé 5 ma-na KÙ.BABBAR iš-tí i-ku-pí-a DUMU a-da-lá-al il₅-qé 2.3333 ma-na KÙ.BABBAR iš-tí ku-ku-a il₅-qé 5.3333 ma-na KÙ.BABBAR iš-tí ì-lí-dan ù sà-li-a <gap> il₅-qé 0.6666 ma-na 5 GÍN KÙ.BABBAR iš-tí i-tur₄-DINGIR il₅-qé 1 ma-na KÙ.BABBAR iš-tí šu-<gap> il₅-qé 3 ma-na 12 GÍN iš-tí ḫu-sà-ri i-na be-et kà-ri-im il₅-qé 3.3333 ma-na KÙ.BABBAR ša 2 ma-na KÙ.GI šál-ša-tù-šu 0.6666 ma-na KÙ.BABBAR ší-im 2 ANŠE 10 GÍN KÙ.BABBAR ší-im AN.NA 0.5 ma-na KÙ.BABBAR iš-tí DUMU a-du-du-a šu ba ba ni i-na ba-áb-tí-a il₅-qé,10 minas of silver including its interest he received from our own Enna-Suen.
23d4244d-9cea-4c20-b040-c32f1f722ce3,53,6,0.11320754716981132,1,um-ma e-na-sú-in-ma a-na a-šur-mu-ta-bi₄-il₅ ú a-šur-SIG₅ <gap> qí-bi₄-ma a-ḫu-ú-a a-tù-nu i-na {d}UTU-ši na-áš-pé-er-tí ta-ša-me-a-ni a-na a-šur-SIG₅ qí-bi₄-ma a-na ṣé-er KÙ.BABBAR ša a-ta ta-ni-iš-ú 1.5 ma-na KÙ.BABBAR ú 5 GÍN KÙ.KI a-na en-na-nim ú e-ni-ša-ru-um ku-nu-ki-a a-dí-in-ma a-na ṣé-ri-ku-nu na-ší ú a-na-ku a-we-el gi₅-mì-lim a-pu-tum i-ḫi-id-ma ší-ma-am ša ba-lá-ṭí-a ša-ma-a ṣú-ḫa-ru-a lá i-sà-ḫu-ur ṭur-da-ni-šu-nu,From Enna-Suen to Aššur-muttabbil and Aššur-damiq:
8f46f357-9971-427f-ac9a-7de23c9ce3a5,53,6,0.11320754716981132,0,KIŠIB ni-mar-IŠTAR DUMU ba-lá KIŠIB en-um-a-šur DUMU i-dí-sú-en₆ KIŠIB en-um-a-šur DUMU e-lá-ma i-dí-IŠTAR ù {d}NIN.ŠUBUR i-mì-ig-ru-ma É-tù ša kà-ni-iš ù ú-tù-up-tum ša i-dí-IŠTAR {d}NIN.ŠUBUR lá ṭá-ḫu a-na ḫu-bu-ul a-bi-šu-nu ki-la-la-šu-nu-ma i-za-zu a-na qú-bu-ur bu-zu-ur um-mì-šu-nu a-na gám-ri-im ù ḫu-bu-ul bu-zu-ur um-mì-šu-nu i-dí-IŠTAR-ma i-za-az i-nu-mì ša i-na a-lim i-za-ku-ú-ni É-tù ša kà-ni-iš lá i-ša-ku-nu,"Seal of Nimar-Ištar, son of Bala, "
aa963c56-2765-4559-aa63-873e490df0e1,52,6,0.11538461538461539,1,KIŠIB ta-mu-ri-a KIŠIB <gap> KIŠIB šar-bu-nu-a KIŠIB re-e-ma KIŠIB sú-la KIŠIB šu-{d}UTU KIŠIB ga-na-be-li 0.6666 ma-na LÁ 1 GÍN KÙ.BABBAR ší-im am-tim sú-la ù ga-na-be-li il₅-qé-ú am-tám iš-tí sú-la ù ga-na-be-li ga-za-zu iš-am-ší šu-ma ma-ma-an a-šu-mì am-tim a-na ga-za-zu i-tù-a-ar sú-la ù ga-na-be-li 0.6666 ma-na LÁ 1 GÍN KÙ.BABBAR i-ša-qú-lu ù a-ma-sú,"Seal of Tamuriya, seal of <gap>, "
0960dbf7-bab1-4613-bb18-f81927fa3313,140,17,0.12142857142857143,23,<gap> ni <gap> im ú-šé-bi-lá-ni a-na ma-la na-áš-pé-er-tim ša <gap> 80 ku-ta-nu ba-at-qú-ú ù i <gap> 20 GÚ bi-la-tim <gap> a-na ma-la na-áš-pé-er-tim <gap> GÚ AN.NA a-na ga <gap> GÚ a-ṣé-er AN.NA <gap> GÚ AN.NA ku-nu-ki-kà <gap> i-na ḫa-ra-nim a-la-ḫu-um <gap> ni-kà-sí iš-tí-a ù iš-tí ša ki-ma a-bi-a a-lá-ḫu-um i-sí-ma <gap> gám-ra-am ša ḫa-ra-nim ša <gap> ù ta-ak-ší-ir-tám <gap> 12 <gap> 0.5 ma-na 7 GÍN AN.NA i-<gap> qá-tí-a-la-ḫi-im ni-dí ší-tí TÚG ṣú-ba-tí-kà za mì <gap> 5 TÚG.ḪI.A <gap> 7 TÚG.ḪI.A i-na li-wi-tim <gap>-du-nim 3 me-at 60 TÚG.ḪI.A a-na É.GAL-lim e-ru-bu 18 TÚG ni-is-ḫa-tim iṣ-ḫu-ru-kà ú 24 TÚG a-na ší-mì-im i-na É.GAL-lim i-le-qé-ú 3 me-at 17 TÚG ku-ta-nu 44 <gap> ṣú-ba-tù ša li-wi-tim ŠU.NÍGIN 3 me-at TÚG 60 TÚG iz-ku-ú-nim i-na mì-ma a-nim <gap> me-at 44 ku-ta-ni <gap> e-zi-bu-ni a-la-ḫu-um <gap> ANŠE ṣa-lá-ma-am a-na 15 ḫa-am-ša-tim i-ṣé-er i-tur₄-DINGIR ni-dí-šu-nu <gap> t,<gap> he sent to me. In accordance with the missive of <gap> 80 kutānu-textiles have been dropped.
de51a1e7-8b04-4241-8b2d-d10754c3c67a,107,14,0.1308411214953271,1,2 GÍN KÙ.BABBAR ni-qí-i-šu ša a-šùr-ma-lik DUMU a-lá-ḫi-im a-dí-in i-nu-mì ú-ṣú-ur-ša-IŠTAR li-tí-iz e-pu-šu-ni 2 GÍN KÙ.BABBAR ni-qí-i-šu ú-šé-bi-il₅-šu-um i-nu-mì ma-ḫa-i É iš-ḫa-ra e-li-ú-ni 5 GÍN KÙ.BABBAR ni-qí-i-šu a-dí-šu-um i-nu-mì be-lúm-ba-LIM DUMU NU.BÀNDA 2 GÍN KÙ.BABBAR ni-qí-i-šu a-dí-in a-na a-ḫe-šu 1 GÍN.TA KÙ.BABBAR a-dí-in a-na a-šùr-ba-ni DUMU ku-ta-a 2 GÍN KÙ.BABBAR ni-qí-i-šu a-dí-in 2.5 GÍN KÙ.BABBAR a-na dan-a-šùr DUMU PUZUR₄-a-šùr ni-qí-i-šu a-dí-in 3 GÍN KÙ.BABBAR a-na be-lá-nim DUMU šu-a-šùr ni-qí-i-šu a-dí-in 2 GÍN KÙ.BABBAR a-na PUZUR₄-a-na DUMU i-dí-{d}IM ni-qí-i-šu a-dí-in 1 GÍN KÙ.BABBAR ni-qí-i-šu a-na šu-zu-zu a-dí-in 1 GÍN KÙ.BABBAR a-na a-šùr-<gap>-ri ni-qí-i-šu a-dí-in 1 GÍN KÙ.BABBAR a-na aḫ-ša-lim ni-qí-i-šu ak-ru-ub 1 GÍN KÙ.BABBAR a-na i-na-sú-in a-dí-in šu-a-nim,I gave 2 shekels of silver for the sacrifices of Aššur-malik son of Ali-ahum;
b7f7be46-076f-42d3-ba4a-524ebaa39ca5,52,7,0.1346153846153846,16,<gap> 0.5 GÍN a-šùr-ma-lik <gap> pá-ni-am i-na-pá-al <gap> 0.5 GÍN KÙ.BABBAR a-mur-{d}UTU i-na-pá-al <gap> ma-na 1.6666 GÍN KÙ.BABBAR <gap>-im ša áš-qú-lu <gap> GÍN KÙ.BABBAR i-na-pá-al a-šur-ma-lik <gap> kur-ub-IŠTAR <gap> tù-um-li-a-i-im <gap> zi-ib <gap> GÍN KÙ.BABBAR i-ri-šum i-na-pá-lam <gap> ma-na 2.5 GÍN <gap>-tum 3 GÍN <gap>-ḫi-im i-na <gap>-im ša i-ba-ší-ú <gap> a-ḫa-ma <gap>,<gap> 0.5 shekel Aššur-malik <gap> will balance;
2e1ab3e9-90ef-48f9-9517-fc9b7329f311,22,3,0.13636363636363635,2,1 GÚ <gap> at-lá+lá-<gap> KI PUZUR₄.IŠTAR a-ḫi-šu a-ḫa-ma 15 ma-na URUDU SIG₅ ší-im tí-sà-pì-im 14 ma-na URUDU SIG₅ ší-im pí-ri-kà-ni KI PUZUR₄.IŠTAR-ma,1 talent <gap>
e18c267c-d397-4318-b821-c053d6f32818,43,6,0.13953488372093023,1,KIŠIB IŠTAR-ba-ni DUMU ás-qú-dim KIŠIB en-nam-a-šùr DUMU ì-lí-re-i KIŠIB ku-lu-ma-a DUMU a-ta-a 10 ma-na 15 GÍN URUDU ma-sí-a-am i-ṣé-er IŠTAR-ba-ni <gap> i-šu iš-tù ḫa-mu-uš-tim ša ì-li-a ù kàr-wa-a a-na ITU.KAM i-ša-qal šu-ma lá iš-qú-ul ki-ma a-wa-at kà-ri-im ṣí-ib-tám ú-ṣa-áb ITU.KAM ma-ḫu-ur-ì-lí li-mu-um DU₁₀-a-šur,"Seal of Ištar-bāni, son of Asqudum, "
4ac8fc85-8b60-478e-a4ee-855368073efb,83,12,0.14457831325301204,10,0.5 ma-na 5.5 GÍN KÙ.BABBAR KI ṣí-li-IŠTAR ša ší-na-ḫu-tim IGI ib-ni-{d}IM DUMU kà-a-a iš-pu-ra-ma 1 ma-na AN.NA a-na me-er-i-šu ù e-mì-šu a-dí-in 7.5 GÍN ší-im-šu ŠU.NÍGIN 0.6666 ma-na 3 GÍN <gap> GÍN KÙ.BABBAR KI <gap> 1.5 ma-na KÙ.BABBAR me a a mur ma ba-ru-ší-im 0.3333 ma-na bu-ú-lá-tù-šu 2 TÚG e-zi-ba-<gap> 1 ma-na KÙ.BABBAR me-eḫ-ra-tim a-dí-šu-um i-na ŠÀ.BA 7 GÍN KÙ.BABBAR ba-<gap> me <gap> nim-ma ki-li <gap> i-<gap>-na-na <gap> ma-na ší-im áb ḫu za <gap> zi lá TI <gap> ší-im bi-ti i tù-wa-ri-šu i-ša-qal,0.5 mina 5.5 shekels of silver is owed by Ṣilli-Ištar from Šinahuttum.
08be4fa5-528d-4cd7-a3b9-a7f6452b61d1,55,8,0.14545454545454545,9,4 ḫi-dim KÙ.BABBAR <gap> ḫu-bu-li ša <gap> i-ší-it 15 ḫi-dim ší-im TÚG.ḪI.A SIG₅ ša i-a-li-a ub-lu-ni a-ḫa-ma i-nu-mì ša-lim-ar-dí ù i-a-li-a i-tu-ru-ni 2 ku-ta-ni SIG₅ DIRI <gap>-ma-an 1.5 ma-na 4 ḫi-dim KÙ.BABBAR lu-bu-šu-um ki-<gap> 10 <gap> ḫi-dim 5 <gap> 4 ḫi-dim TA 0.5 ma-na KÙ.BABBAR <gap> ŠU.NÍGIN 5 ma-na KÙ.BABBAR iš-tí <gap> ša qá-tí <gap>,"4 silver beads, the debt of <gap>, remains. "
0d14c5a8-c152-4417-90cc-36b6dff3226d,39,6,0.15384615384615385,0,KIŠIB zu-ba DUMU en-na-nim KIŠIB PUZUR₄-a-na DUMU a-šur-dan KIŠIB na-áb-sú-in DUMU PUZUR₄-we-er KIŠIB a-al-DU₁₀ ša 11 ma-na KÙ.BABBAR qá-ta-at a-al-DU₁₀ a-šur-{d}UTU ú en-na-sú-in il₅-ta-ap-tù-ni šu-ma KÙ i-na ṣé-er a-šur-{d}UTU ú en-na-sú-in i-ta-al-qé É-bé-tum ša a-lim{ki} ša a-al-DU₁₀ e-ru-ba-at KÙ,"Seal of Zuba, son of Ennānum,"
ac38eb49-b6a9-4d6e-a157-7d15db0db680,98,16,0.16326530612244897,0,a-šur-ma-lik ù a-na-ku ni-kà-sí ni-sí-ma il₅ šu uš ma 5 ma-na KÙ.BABBAR i-ṣé-ri-a il₅-qé ŠÀ.BA 1 ma-na 11 GÍN KÙ.BABBAR ša DUMU da-lá-áš 1 ma-na KÙ.BABBAR ú-šé-bi-lá-ku-ma a-na a-lim{ki} ta-áš-ku-un-ma 2 ma-na KÙ.BABBAR la ta-ba-ta-qám 0.3333 ma-na 4 GÍN a-na DUMU a-šur-ta-ak-lá-ku ḫa-mu-ri-im áš-qúl 0.5 ma-na KÙ.BABBAR ša-du-a-tám a-na qá-tí ḫu-ru-bi a-dí-in 9 GÍN KÙ.BABBAR ší-im GU₄.ḪI.A ṣa-al-mì-im 15 GÍN a-na da-a-a DUMU PUZUR₄-a-na áš-qúl 0.6666 ma-na KÙ.BABBAR ší-im 5 GÍN KÙ.GI tal-qé 7.5 GÍN KÙ.BABBAR ší-im 5 UDU.ḪI.A tal-qé mì-ma a-nim a-šu-mì a-šùr-ma-lik DUMU kà-a-tim a-šur-GAL DUMU a-ku-za ú-ša-qí-il₅ ù ta-aḫ-sí-is-tám a-ni-tám i ba-áb né-bi-ri-šu a-šùr-GAL ú-lá-pí-sí,"Aššur-malik and I settled accounts, and <gap> he took 5 minas of silver on my account. "
629f1e04-a93d-429b-bdb1-aa6e02278659,18,3,0.16666666666666666,3,10 ma-na <gap> a-šur <gap> a-na <gap> 2.5-GÍN KÙ.BABBAR aḫ-bu-ul-šu-um IGI ku-ra DUMU na-ra-am-ZU IGI a-šùr-DU₁₀ DUMU lu-lu-ú,10 minas <gap>
5db6ccde-0832-482f-8dcd-e4da3138cf06,34,6,0.17647058823529413,0,KIŠIB ḫu-lu-ba KIŠIB ša-ar-ni-ga-šu KIŠIB a-šur-mu-ta-pì-il₅ KIŠIB ili₅-TAB.BA DUMU id-na-a 0.3333 ma-na 2.5 GÍN KÙ.BABBAR bé-ú-lá-at a-ta-aḫ-šu ḫa-pu-a-šu a-bu-šu il₅-qé iš-tí KÙ.BABBAR uk-ta-al šu-ma a-na kà-ni-iš a-ša-pá-ra-šu ma-ma-an bé-el ḫu-bu-li-šu ša a-bi-šu lá i-ṭá-ḫi-šu-um,"Seal of huluba, seal of Šarnigaššu, "
194a79ff-646e-41a4-9f8b-670620da1e54,11,2,0.18181818181818182,0,a-na na-áb-sú-en en-um-a-šur ù li-bur-be-lí DUMU ás-qú-di-a KIŠIB ÌR-dim DUMU ku-zi-a,"To Nabi-Suen,"
bcad41ab-0c33-43f2-b9ff-d2b30699f181,60,11,0.18333333333333332,14,0.3333 ma-na <gap> KÙ.BABBAR ṣa-ru-pu-um KI a-we-lá-tim <gap> ITU.KAM be-el-té-kà-lim li-mu-um <gap> nu <gap> ma ni <gap> IGI DUG-ṣí-li-a-šur IGI a-šùr-ba-ni za <gap> IGI ba-ba-li IGI be-lí-a DUMU DINGIR-ba-ni i-na 0.5 ma-na KÙ.BABBAR ù ṣí-ib-tí-šu ša li-bi₄ šu-ku-bi-im ŠÀ.BA-<gap>-GÍN KÙ.BABBAR 0.3333 ma-na 2 <gap> ší-im UD <gap> 10 GÍN KÙ.BABBAR <gap> a-na <gap> ni-<gap> 12.5 GÍN <gap> lá ḫi-ri <gap>,0.3333 mina <gap> of refined silver is owed by the ladies.
474a0cdb-9910-466c-8431-3c0a20298013,124,23,0.18548387096774194,4,ŠU.NÍGIN 2 ma-na 15.6666 GÍN KÙ.BABBAR ṣa-ru-pá-am i-nu-mì a-na ḫa-ḫi-im a-li-ku i-na ni-kà-sí a-šur-GAL iš-ku-nam-ma um-ma a-na-ku-ma mì-ma KÙ.BABBAR a-ni-im ni-kà-sú-ni IGI en-na-sú-in DUMU nu-ur-DINGIR-šu ù šál-ma-a-šùr DUMU ba-za-za ni-sí-ma i-na li-bi₄ 3 GÚ URUDU SIG₅ ù 12 ku-ta-ni ša a-na šál-ma-a-šur ù ku-wa-tí e-zi-bu tù-ṣa-ḫi-ra-am a-lá-an 10 GÍN KÙ.BABBAR ša a-na lá-ma-sí-tim 7.5 GÌN ša ḫa-bu-a-lá ù 2 GÍN ša da-dí-a ú ku-wa-tí mì-ma ša-ni-a-am i-na ba-áb ḫa-ra-nim a šu-mì-a lá ta-áš-qúl um-ma šu-ut-ma <gap> ša URUDU SIG₅ <gap> lá ša-bu 20 <gap> ma-na KÙ.BABBAR ša <gap> AN tal-qé-ú ù i-na ša ik-ri-bi₄-kà a šu-mì-kà ú-ša-qí-il₅ um-ma a-na-ku-ma šál-ma-a-šur ša i-na re-ší-ni i-za-zu lu-ḫa-sí-is-ni-a-tí-ma šu-ma lá ta-aḫ-ta-sà-as GÍR ša {d}a-šùr ta-am-am-ma KÙ.BABBAR ša ik-ri-bi₄-a li-ḫi-li-iq IGI šu-IŠTAR DUMU šu-a-a IGI ú-ṣú-ra-nim ma-mì-tám a-dí-šum,"In all: 2 minas 15.6666 shekels of refined silver Aššur-rabi put down at the accounting when I went to hahhum, and I said:"
6bba0a9c-51fc-4fc0-87d3-c65def1790ad,90,17,0.18888888888888888,11,<gap> ku-nu-ki-ni <gap> 15.3333 GÍN.TA KÙ.BI 45.3333 ma-na 1 GÍN 50 ma-na AN.NA qá-tim 13 GÍN.TA KÙ.BE 3.8333 ma-na <gap> GÍN 5 ANŠE ṣa-lá-mu 1.6666 ma-na KÙ.BABBAR it-bu-lu 12.5 GÍN ú-nu-sú-nu <gap> a-na 1.5 sà-ri-de₈-e <gap> 1 ma-na 12 GÍN KÙ.BABBAR a-na be-a-lim ni-dí-in 5 GÍN KÙ.BABBAR a-na lu-bu-ší-šu-nu ni-dí-in 45 TÚG 3.8333 ma-na 3 GÍN it-bu-lu ŠÀ.BA 20 TÚG ša li-we-tim 25 TÚG e-li-a-tum 1 ma-na 14 GÍN <gap> tí-ma <gap> a-na pì-lá-aḫ-IŠTAR ni-dí-in 0.5 ma-na <gap> wa-ṣí-tum 5 GÍN i ma-sà-im im-ṭí <gap> ša sà-e-tim <gap> GÚ.TA <gap>,<gap> under our seals; at the rate of 15.3333 to 1: in silver 45.3333 minas 1 shekel;
433be08c-c218-4bbe-b0e7-d6c229dc37bd,52,10,0.19230769230769232,4,i-nu-mì a-na ḫa-ḫi-im a-li-ku 5 GÍN KÙ.BABBAR a-na sà-ḫe-er-tim <gap>-2 GÍN KÙ.BABBAR a-na É ub-ri a-dí-in 5 GÍN KÙ.BABBAR a-šar ANŠE.ḪI.A i-zi-zu-ni a-dí-in 1 GÍN KÙ.BABBAR a-na né-ba-ar-tim a-dí-in <gap> GÍN KÙ.BABBAR a-na ra-bi₄-ṣí-im a-dí-in 4.3333 GÍN KÙ.BABBAR a-na sà-ri-dim <gap> KÙ.BABBAR <gap> ša na-ri-im áš-qúl 4 GÍN KÙ.BABBAR lu-bu-uš 2 ṣú-ḫa-ri,"When I went to hahhum: 5 shekels for small goods,"
7cc68d9d-b204-4558-af32-1c8b2f6edd64,41,8,0.1951219512195122,0,3 GÍN KÙ.BABBAR lá-qé-ep DUMU šu-a-šur 2 GÍN ku-zi-zi-a 3 GÍN en-nam-a-šùr DUMU e-lá-ma 5 GÍN a-lá-ḫu-um ni-a-um 50 NINDA 1 DUG Ì.GIŠ en-na-num DUMU am-ri-a 30 NINDA 1 DUG ma-ma-ḫi-ir 20 NINDA 1 DUG ta-ri-iš-ma-tum 10 NINDA ki-ru-um a-ša-at ku-ku-wa,3 shekels of silver: Lā-qēp son of Šu-Aššur;
76717ac1-86b4-4fc2-8abe-7655a3026f21,59,12,0.2033898305084746,9,a-na <gap>-ar <gap> i zu <gap> ra <gap> ṭup-pí-a a-na ḫu-bu-ul i-dí-a-bi-im a-na qá-ta-tí-šu ṭup-pí-a ú-lá-pí-tù ù a-ḫa-ma 1 ma-na KÙ.BABBAR a-na wa-<gap>-ni DUMU a-ḫu-<gap> i-na ma-áš-kà-tí-a iš-qú-ul a-ḫu-ú-a be-lu-ú-a a-tù-nu a-na ma-lá ṭup-pí-a ma-lá a-wa-at ma-ḫi-ri-ku-nu i-ší-ik-na-ni ri-da-ma ba-áb DINGIR ṭup-pá-am <gap> ki-ma i-a-tí <gap> a-na <gap>-ḫi-ni-šu dí-na IGI a-bi-a DUMU nu-ur-ZU zu-ú-a NU.BÀNDA ù a-šur-na-da ku-ub-tù-um tap-pá-šu-nu,To <gap> They wrote my tablets for Iddin-abum's debt for his guarantor.
5bf906ac-870f-4a27-951e-e54cd64dd9f2,29,6,0.20689655172413793,0,1.5 GÍN KÙ.BABBAR a-na pu-šu-ki-in 1 GÍN a-na a-šur-ma-lik DUMU ili₅-ma-al-ki 1 GÍN du-um-qá-a 1.5 GÍN a-na ku-zal-lim DUMU i-li-a mì-ma a-nim i-nu-mì a-na a-lim{ki} ur-du-ni a-na ni-qé-šu-nu a-ta-dí-in-šu-nu-tí,1.5 shekel of silver for Pūšu-kēn;
f1ff7ea8-3705-4f1c-86ff-e0d2be46edbd,24,5,0.20833333333333334,0,1 GÍN KÙ.BABBAR be-lúm-ba-ni 1.5 GÍN KÙ.BABBAR a-šur-iš-tí-kál 1.5 GÍN en-na-sú-in 1 GÍN KÙ.BABBAR be-lá-num 1 GÍN e-lá-lí 1.5 GÍN a-šur-ma-lik 1 GÍN šu-sú-in,1 shekel of silver: Bēlum-bāni;
c5670aba-105b-40b5-bac1-12bc43a51091,117,25,0.21367521367521367,21,2 ma-na KÙ.BABBAR ší-im-tum ša ṭup-pí-šu ḫa-ar-mì-im 12 GÍN ù 2 sú-pu-ú SIG₅ ṣí-ba-sú iš-tí-i ḫa-pí-a-aḫ-šu DUMU zi-il₅-pu-ri-a a-ḫa-ma 15 GÍN KÙ.BABBAR lu li-tí iš-tí ḫa-pì-a-aḫ-šu 4-<gap> GÍN KÙ.BABBAR KI ki-<gap> be-el ma-tim ša lu-ḫu-sà-dí-a <gap> 1 ma-na 9.75 GÍN KÙ.BABBAR KI ta-ar-ki <gap> DUMU zi-il₅-pu-ri-a <gap> ù 20 <gap>-tí šu-ma-<gap> um li <gap> KÙ.BABBAR <gap> li-bi₄ <gap> KÙ.BABBAR 11 LÁ 0.25 GÍN <gap> al-wa-na 0.3333 <gap> KÙ.BABBAR li-tí KI <gap> ḫa-ar-ra-<gap> GAL ṣa-bi₄-im ša <gap> iš-tù ḫa-mu-uš-tim ša en-na-sú-in <gap> ṣí-ib-tám i ITU.1.KAM ú-ṣa-áb <gap> 0.5 ma-na KÙ.BABBAR ṣa-ru-pá-am KI i-ri-šum iš-tù ḫa-mu-uš-tim ša en-na-sú-in KÙ.BABBAR a-dí-šu-um 8 GÍN KI en-na-nim mu-ša-ri-dim 3 <gap> i-lá-al i ša <gap> ší-im ú-tí-tim <gap> am-tim ša i KÙ.BABBAR-im <gap>,"2 minas of silver, the agreed amount of his certified tablet, 12 shekels and 2 fine suppū-sheep, its interest, owed by happi-ahšu son of Zilpuriya."
5105200e-a276-48f7-af73-73eb0c1fd657,56,12,0.21428571428571427,0,2 GÍN KÙ.BABBAR a-zu 4 GÍN KÙ.BABBAR šu-ku-bu-um me-ra-šu 4 GÍN KÙ.BABBAR a-šur-DU₁₀ DUMU kàr-ri-a 5 GÍN KÙ.BABBAR MAR.TU-ba-ni 5 GÍN KÙ.BABBAR ili₅-ba-ni 3 GÍN a-mur-IŠTAR 5 GÍN i-ku-num 5 GÍN ì-lí-iš-tí-kál 2 GÍN a-šur-i-mì-tí DUMU i-ku-a 5 GÍN i-tur₄-DINGIR 0.5 GÍN KÙ.GI ku-bu-ur-ší-num šu-be-lúm DUMU a-gu-a 1.5 GÍN a-šur-dan DUMU zu-ú-a ri-ik-sú ša šu-nu-nu i-ba-ší,"2 shekels of silver: Azu; 4 shekels of silver: Šu-Kūbum, his son;"
315acabf-90ed-4d43-9e90-250df372a187,41,9,0.21951219512195122,0,2.5 GÍN KÙ.BABBAR a-na ší-ta iš-ra-tim ša ta-al-ḫa-at 2.25 GÍN KÙ.BABBAR a-na 0.5 DUG a-la-ni a-na mu-za a-dí-nu 3 GÍN KÙ.BABBAR a-na šu-IŠTAR DUMU ma-li-ik-DINGIR áš-qúl-ma ṭup-pá-ak-nu ša a-al-DU₁₀ ú-šé-ṣí-a-am mì-ma a-nim a-šu-mì ku-da-tim DUMU a-mur-IŠTAR i-nu-mì a-na pu-ru-uš-ḫa-dim úṣ-ú-ni ú-ša-qí-il₅,2.5 shekels of silver for two belts from Talhat;
ea075e58-893d-487d-978f-2682802ecb70,68,15,0.22058823529411764,2,2 ma-na KÙ.BABBAR ša ší-im AN.NA-ki-kà ša i-na tí-me-el-ki-a al-qé-ú 10.3333 GÍN KÙ.BABBAR ša a be-a-lim ta-dí-nu-šu-ni a-na šé-ep-IŠTAR a-dí-in 5.5 GÍN KÙ.BABBAR a-na sà-áp-tí-nim a-na am-tí-kà a-dí-in <gap> TÚG SIG₅ i-na <gap> ḫu-ra-ma a-dí-na-ku-um 5.25 GÍN KÙ.BABBAR ša a-šu-mì šé-ep-IŠTAR a qá-tí-kà tù-ṭá-ḫi-ú 2 GÍN KÙ.BABBAR ša a-na a-bu-a áš-qú-lu-ni 0.6666 ma-na 5 GÍN KÙ.BABBAR a-na ir-i-bi₄-im áš-qúl 5 ma-na AN.NA ù 3 ku-ta-ni i li-bi₄-kà i-šu,2 minas of silver from the proceeds on your tin which I received in Timelkiya.
19050ec7-5bef-442a-a85a-54a3c4a9674c,67,15,0.22388059701492538,0,1 DUG GIG 3 a-za-mì-lá-tum tí-ib-nim KI a-šur-ma-lik DUMU {d}a-šur-{d}UTU-ši 3 DUG GIG KI ša-pu-na-aḫ-šu 2 DUG GIG KI wa-lá-a 3 DUG ŠE-um KI wa-lá-ma 1 DUG GIG KI wa-al-ku 3 DUG GIG KI ḫu-da 1 na-ru-uq 2 DUG ŠE-um KI i-na-ar DUMU e-lá-lí 1 na-ru-uq 3 DUG ŠE-um ŠÀ.BA 2 DUG ar-ša-tum KI du-nu-um-na ṣú-ḫa-ri-im ša ḫa-šu-i GAL re-i ŠU.NÍGIN 7 na-ru-uq lu ŠE-um lu ar-ša-tum,"1 jar of wheat, 3 sacks of straw is owed by Aššur-malik son of Aššur-šamšī;"
7fce41d6-9525-46c8-a50d-27fc1af651d7,43,10,0.23255813953488372,0,1.5 ma-na KÙ.BABBAR i li-bi ḫa-bu-a-lá ù ta-ri-ku-da 15 na-ru-uq ar-ša-tum 2 UDU ṣú-pu-ú a-ḫa-ma 3 ku-ta-ni SIG₅ il₅-qé-ú-ma a-na sí-kà-tim a-ṣé-er be-li-šu-nu ú-šé-bi₄-lu 1.5 ma-na KÙ.BABBAR ší-im-šu-nu ŠÀ.BA 0.5 ma-na KÙ.BABBAR al-qé-e a-ḫa-ma 15 GÍN KÙ.BABBAR 5 na-ru-uq ŠE-um i li-bi₄ ta-ri-ku-da,1.5 mina of silver is owed by habuala and Tarikuda;
988f713f-9400-4559-9953-8a8e8e350ce9,57,14,0.24561403508771928,0,6 GÍN KÙ.BABBAR PUZUR₄-a-šur DUMU a-šur-dan 2.5 GÍN a-šur-ba-ni DUMU ku-ta-a 1 GÍN KÙ.GI SIG₅-pí-a-šur 1.5 GÍN KÙ.BABBAR aḫ-ša-lim DUMU bu-zu-ta-a 1 GÍN KÙ.BABBAR a-šur-ma-lik DUMU a-šur-ták-lá-ku 2 GÍN KÙ.BABBAR kur-ub-IŠTAR DUMU a-lá-ḫi-im 1.5 GÍN KÙ.BABBAR en-na-sú-in DUMU šu-IŠTAR 2 GÍN KÙ.BABBAR zu-ku-a DUMU a-šur-i-dí 2 GÍN KÙ.BABBAR DU₁₀-ṣí-lá-a-šur DUMU a-šur-i-dí 1.5 GÍN KÙ.BABBAR PUZUR₄-e-nam DUMU im-ku-ru,6 shekels of silver: Puzur-Aššur son of Aššur-dan; 2.5 shekels: Aššur-bāni son of Kutaya;
14104994-d3aa-405c-839c-e57d228475ff,36,9,0.25,5,<gap> a-na pí-lá-aḫ-IŠTAR DUMU a-šur-SIPA a-na ší-a-ma-tim a-dí-in iš-tù wa-aḫ-šu-ša-na KÙ.BABBAR ší-im-ša i-na e-ra-bi-šu-ma a-na DAM.GÀR ú-šé-ba-lam IGI en-na-sú-in DUMU i-dí-a-bi-im IGI a-šùr-ta-ak-lá-ku DUMU i-ku-nim <gap> 0.5 GÍN KÙ.BABBAR iš-tí <gap> el ma <gap> GÍN <gap>,<gap> I gave Pilah-Ištar son of Aššur-rē'ī for purchases.
529fcbd8-9122-4d49-9cb9-021545dd9fb1,28,7,0.25,0,1 GÚ a-lá-ni SIG₅ ša ḫa-na-ak-na-ak 1 iš-té-ni-ú-tim ṣí-li-a-ni SIG₅ ša É DINGIR-lim ú sà-ḫe-er-tám i li-bi bé-lu-um-ba-ni i-na-ra-am-ma i-na a-lá-ki-šu ú-ba-lam IGI šu-bé-lim IGI a-šur-na-da DUMU šu-ku-bi-im,"1 talent of good acorns from hanaknak, "
1babd323-20d4-4599-a98b-172f646646cf,67,17,0.2537313432835821,3,<gap> TÚG pí-ri-kà-ni 1 TÚG ku-sí-tum ša ma ki <gap> a-na a-lu-wa a-dí-ma a-na pu-ru-uš-ḫa-dim ú-bi-il₅ 3 GÍN KÙ.BABBAR 5 GÍN AN.NA a-na qá-tí a-lu-wa a-dí-in 3.5 GÍN KÙ.BABBAR 5 GÍN KÙ.BABBAR a-na qá-tí i-ni-ša-ru-um ù ki-zi a-dí-in 6 ANŠE.ḪI.A i-a-ú-tum 1 ANŠE ša šu-IŠTAR ŠU.NÍGIN 7 ANŠE ù ú-nu-sú-nu 4.TA ú-kà-pí a-na 7-e-šu mì-ma a-nim i-ni-ša-ru-um ù ki-zi a-dí-na-šu-nu-tí ù ub-lu <gap> IGI šu-be-lim IGI šu-IŠTAR,I gave <gap> pirikannu-textiles and 1 robe from <gap> to Aluwa and he brought it to Purušhaddum.
d00bd926-f58b-4de4-90cf-2233c6a8f54f,85,22,0.25882352941176473,0,i-na 75 ku-ta-ni ša en-na-sú-in ša i-na a-lim{ki} a-na lá-ta-a ip-qí-du-ni ŠÀ.BA 6 ku-ta-ni i-na tí-me-el-ki-a e-zi-ib ší-tí TÚG.ḪI.A 69 ku-ta-ni ša en-na-sú-in 3 ku-ta-nu ša kà-ṣa-ri-im ŠU.NÍGIN 72 ku-ta-nu ša en-na-sú-in a-na É.GAL-lim e-ru-bu 3.5 TÚG.ḪI.A ù 1.5 GÍN KÙ.BABBAR ni-is-ḫa-tum ik-šu-sú 7 TÚG.ḪI.A ša ší-mì-im ik-šu-sú 1.75 GÍN KÙ.BABBAR i-na-pu-lu-šum ší-tí TÚG.ḪI.A 61.5 TÚG.ḪI-tù-šu iz-ku-ú-nim ŠÀ.BA 3 TÚG.ḪI.A kà-ṣa-ru-um il₅-qé 5.5 TÚG.ḪI.A en-nam-a-šur i-na-pá-al 4 TÚG.ḪI.A É kà-ri-im i-na-pu-lu-šum ší-tí TÚG.ḪI-tí-šu 49 ku-ta-ni a-na im-dí-lim lá-qé-pì-im ù ṣí-lu-uš-da-ga-an a-na ša ki-ma i-ku-pì-a áp-qí-id,"Of the 75 kutānus belonging to Enna-Suen that they entrusted to Lataya in the City, thereof he left 6 kutānus in Timelkiya."
8597f793-fd5a-4b97-a812-b4d292031227,26,7,0.2692307692307692,0,i-na ša-pá-at na-ri-im iš-tí-in e-me-ra-am a-qí-i iš-tí-in i-na ur-šu-ú a-na IŠTAR be-lá-at kà-le-ta a-qí-i iš-tí-in i-na ma-ma ILLAT-tum iq-be-ma a-qí-i 15 GÍN AN.NA a-na e-ri-qí-im áš-qúl,On the river-bank I sacrificed one sheep;
e05f20dc-7a27-4b71-8d0f-628a8757091d,32,9,0.28125,1,1 TÚG ku-ta-nam a-na 10 GÍN KÙ.BABBAR a šu-ma-li-ba-a-šùr 1 TÚG a-na 12 GÍN a-na É bi-ta-wa 1 TÚG a-10+0.5 GÍN KÙ.BABBAR a-na tal-wa-na ša bé-el a-lim{ki} ku-ta-ni a-ni-ú-tim ša wa-ar-kà-nim <gap>,1 kutānu-textile for 10 shekel of silver to Šumma-libbi-Aššur;
c227c990-44a9-41d6-81f3-243b1ef86e2b,21,6,0.2857142857142857,2,1.5 GÍN KÙ.BABBAR a-na a-šur-ma-lik 1 GÍN a-na ba-ba-a-a <gap> GÍN a-na šu-ku-bi₄-im <gap> i-nu-mì a-na a-lim{ki} i-li-ku-ni a-na ni-qé-šu-nu a-dí-in,1.5 shekel of silver for Aššur-malik;
08e99ff7-a5ee-4cae-93f5-6aa4d24f5b33,66,19,0.2878787878787879,17,<gap> TÚG ku-ta-ni <gap> 1.5 GÍN.TA a-na 2 ma-na 6.5 GÍN KÙ.BABBAR a-na ir-nu-id a-dí-in ù-ku-ta-ni a-na <gap> ma-na 2 GÍN KÙ.BABBAR a-ḫu-qar il₅-qé <gap> ku-ta-ni SIG₅-tim <gap> ma-na KÙ.BABBAR <gap> i-dí-in <gap> ku-sí-tám <gap> ma-na 8 GÍN <gap> il₅-qé <gap> ma lu-kà-i-il₅ a-na-aḫ-DINGIR i-dí-in <gap> ší-tí KÙ.BABBAR DUMU <gap>-ḫi-im <gap> 0.5 ma-na.TA <gap> il₅-qé <gap> ta <gap> šu-ut-ma il₅-qé e-zi-ib ša 0.6666 ma-na i-nu-mì <gap>,I sold <gap> kutānu-textiles at <gap> 1.5 shekels a piece for 2 minas 6.5 shekels of silver to Irnuid.
054fdba4-0cff-4153-969d-c77e42413e1c,66,19,0.2878787878787879,0,0.5 ma-na a be-a-lim a-na ú-ṣú-ur-ša-a-šur DUMU am-ri-a 0.3333 ma-na a-šur-be-el-a-wa-tim a me-er-i-šu ú ša-tí-li 0.3333 ma-na a kà-lu-ba 0.3333 ma-na a be-a-lim 10 GÍN a ta-ad-mì-iq-tim a-na a-šur-DU₁₀ DUMU ar-ší-aḫ a-dí-in IGI kur-ub-IŠTAR a-ḫi-šu 10 GÍN tù-ra-a 5 GÍN a-na ra-bi₄-im 10 GÍN a-na ṣa-aḫ-ri-im a-na me-er-e a-mur-IŠTAR ni-a-im mì-ma a-nim a-na be-a-lim a-dí 15 GÍN a-na am-tí-šu a-dí-in 1 ma-na 17 GÍN KI a-ku-za-nim,0.5 mina for a working capital to Uṣur-ša-Aššur son of Amriya; 0.3333 mina: Aššur-bēl-awātim to his son and Šāt-ilī;
982c04c0-820f-4184-8a0a-ef1e862f5a1b,45,13,0.28888888888888886,1,2 me-at 80 ma-na URUDU ší-im 4 GU₄ KI ta-ta-ar-du <gap> 60 ma-na URUDU KI tí-wa-ša-ḫi-ar 1 me-at 30 ma-na KI ḫu-tí-a 1 me-at 40 ma-na URUDU KI tí-ša-ma-a 75 ma-na URUDU KI a-áb-du-a-ta 1 me-at 50 ma-na ší-im 3 ANŠE KI ḫu-ta-ar e-mu ku-ru-lá,"280 minas of copper, the price of 4 oxen, is owed by Tatardu."
7c71b551-4b3e-42f3-91e8-6eae52048f27,75,22,0.29333333333333333,21,<gap> a-ma i-<gap> um-ma a-tù-nu-ma <gap> ša a-lá-ḫi-im na-<gap> i-ba-ší-a a-ma <gap> DUMU ki-ki-a iš-tù <gap> i-li-kam-ma ù <gap> AN.NA ta-áp-<gap> uz-ni i-pé-té <gap> 4 GÚ AN.NA <gap> a-na ma-a-<gap> 12 mu-ta-tum <gap> 6 e-li-a-tum <gap> 1 GÚ 20 ma-na AN.NA <gap> 8 TÚG.ḪI.A lá wa <gap> ša DINGIR-e-mu-qí mì-ma a-nim ku-nu-ki bi-it ku <gap> e-zi-ib a-na <gap> qí-bi-ma i-<gap> ṣú-ba-tù-a a-na <gap> 20 ma-na SIG₅ <gap> GÍN KÙ.BABBAR <gap> GÍN KÙ.BABBAR a-na a-DI-ma-tim dí-na,<gap> you said: <gap> of Ali-ahum <gap> is available <gap> Kikkiya's son came from <gap> and then <gap> you <gap> the tin.
